date,product_id,category_id,price,stock_available,day_of_week,month,is_weekend,promotion,discount_percent,sales_quantity,lag_1d_sales,lag_7d_sales,rolling_7d_avg_sales,rolling_30d_avg_sales
2025-09-26,1,1,19999.0,48,4,9,0,0,0,3,4,4,,
2025-09-27,1,1,15999.2,94,5,9,1,1,20,7,3,4,3.0,3.0
2025-09-28,1,1,19999.0,82,6,9,1,0,0,1,7,4,5.0,5.0
2025-09-29,1,1,19999.0,84,0,9,0,0,0,3,1,4,3.67,3.67
2025-09-30,1,1,17999.1,64,1,9,0,1,10,3,3,4,3.5,3.5
2025-10-01,1,1,19999.0,50,2,10,0,0,0,3,3,4,3.4,3.4
2025-10-02,1,1,17999.1,68,3,10,0,1,10,5,3,4,3.33,3.33
2025-10-03,1,1,19999.0,71,4,10,0,0,0,3,5,3,3.57,3.57
2025-10-04,1,1,19999.0,83,5,10,1,0,0,4,3,7,3.57,3.5
2025-10-05,1,1,16999.15,124,6,10,1,1,15,15,4,1,3.14,3.56
2025-10-06,1,1,19999.0,49,0,10,0,0,0,3,15,3,5.14,4.7
2025-10-07,1,1,19999.0,61,1,10,0,0,0,3,3,3,5.14,4.55
2025-10-08,1,1,19999.0,87,2,10,0,0,0,8,3,3,5.14,4.42
2025-10-09,1,1,19999.0,58,3,10,0,0,0,9,8,5,5.86,4.69
2025-10-10,1,1,19999.0,84,4,10,0,0,0,6,9,3,6.43,5.0
2025-10-11,1,1,19999.0,69,5,10,1,0,0,5,6,4,6.86,5.07
2025-10-12,1,1,19999.0,86,6,10,1,0,0,6,5,15,7.0,5.06
2025-10-13,1,1,19999.0,91,0,10,0,0,0,4,6,3,5.71,5.12
2025-10-14,1,1,19999.0,76,1,10,0,0,0,5,4,3,5.86,5.06
2025-10-15,1,1,19999.0,62,2,10,0,0,0,7,5,8,6.14,5.05
2025-10-16,1,1,19999.0,62,3,10,0,0,0,7,7,9,6.0,5.15
2025-10-17,1,1,19999.0,52,4,10,0,0,0,6,7,6,5.71,5.24
2025-10-18,1,1,14999.25,126,5,10,1,1,25,10,6,5,5.71,5.27
2025-10-19,1,1,15999.2,131,6,10,1,1,20,12,10,6,6.43,5.48
2025-10-20,1,1,19999.0,50,0,10,0,0,0,7,12,4,7.29,5.75
2025-10-21,1,1,19999.0,72,1,10,0,0,0,9,7,5,7.71,5.8
2025-10-22,1,1,19999.0,70,2,10,0,0,0,3,9,7,8.29,5.92
2025-10-23,1,1,19999.0,65,3,10,0,0,0,1,3,7,7.71,5.81
2025-10-24,1,1,19999.0,51,4,10,0,0,0,2,1,6,6.86,5.64
2025-10-25,1,1,19999.0,94,5,10,1,0,0,8,2,10,6.29,5.52
2025-10-26,1,1,19999.0,83,6,10,1,0,0,9,8,12,6.0,5.6
2025-10-27,1,1,19999.0,69,0,10,0,0,0,10,9,7,5.57,5.8
2025-10-28,1,1,19999.0,77,1,10,0,0,0,5,10,9,6.0,5.9
2025-10-29,1,1,19999.0,84,2,10,0,0,0,4,5,3,5.43,6.03
2025-10-30,1,1,19999.0,78,3,10,0,0,0,13,4,1,5.57,6.07
2025-10-31,1,1,19999.0,92,4,10,0,0,0,8,13,2,7.29,6.4
2025-11-01,1,1,16999.15,140,5,11,1,1,15,7,8,8,8.14,6.57
2025-11-02,1,1,19999.0,89,6,11,1,0,0,10,7,9,8.0,6.63
2025-11-03,1,1,19999.0,45,0,11,0,0,0,4,10,10,8.14,6.87
2025-11-04,1,1,19999.0,91,1,11,0,0,0,3,4,5,7.29,6.87
2025-11-05,1,1,19999.0,62,2,11,0,0,0,5,3,4,7.0,6.47
2025-11-06,1,1,19999.0,68,3,11,0,0,0,4,5,13,7.14,6.53
2025-11-07,1,1,19999.0,78,4,11,0,0,0,6,4,8,5.86,6.57
2025-11-08,1,1,19999.0,98,5,11,1,0,0,11,6,7,5.57,6.5
2025-11-09,1,1,19999.0,66,6,11,1,0,0,7,11,10,6.14,6.57
2025-11-10,1,1,19999.0,87,0,11,0,0,0,5,7,4,5.71,6.6
2025-11-11,1,1,19999.0,83,1,11,0,0,0,4,5,3,5.86,6.6
2025-11-12,1,1,19999.0,73,2,11,0,0,0,7,4,5,6.0,6.53
2025-11-13,1,1,19999.0,58,3,11,0,0,0,8,7,4,6.29,6.63
2025-11-14,1,1,16999.15,93,4,11,0,1,15,10,8,6,6.86,6.73
2025-11-15,1,1,19999.0,87,5,11,1,0,0,7,10,11,7.43,6.83
2025-11-16,1,1,19999.0,76,6,11,1,0,0,11,7,7,6.86,6.83
2025-11-17,1,1,19999.0,69,0,11,0,0,0,7,11,5,7.43,7.0
2025-11-18,1,1,19999.0,62,1,11,0,0,0,4,7,4,7.71,6.9
2025-11-19,1,1,19999.0,83,2,11,0,0,0,7,4,7,7.71,6.63
2025-11-20,1,1,19999.0,68,3,11,0,0,0,5,7,8,7.71,6.63
2025-11-21,1,1,19999.0,59,4,11,0,0,0,6,5,10,7.29,6.5
2025-11-22,1,1,19999.0,104,5,11,1,0,0,5,6,7,6.71,6.6
2025-11-23,1,1,19999.0,94,6,11,1,0,0,9,5,11,6.43,6.73
2025-11-24,1,1,17999.1,100,0,11,0,1,10,8,9,7,6.14,6.97
2025-11-25,1,1,19999.0,87,1,11,0,0,0,6,8,4,6.29,6.97
2025-11-26,1,1,19999.0,89,2,11,0,0,0,8,6,7,6.57,6.87
2025-11-27,1,1,15999.2,97,3,11,0,1,20,7,8,5,6.71,6.8
2025-11-28,1,1,19999.0,74,4,11,0,0,0,9,7,6,7.0,6.87
2025-11-29,1,1,19999.0,106,5,11,1,0,0,3,9,5,7.43,7.03
2025-11-30,1,1,19999.0,88,6,11,1,0,0,12,3,9,7.14,6.7
2025-12-01,1,1,19999.0,64,0,12,0,0,0,6,12,8,7.57,6.83
2025-12-02,1,1,19999.0,55,1,12,0,0,0,2,6,6,7.29,6.8
2025-12-03,1,1,19999.0,70,2,12,0,0,0,8,2,8,6.71,6.53
2025-12-04,1,1,19999.0,70,3,12,0,0,0,2,8,7,6.71,6.67
2025-12-05,1,1,19999.0,60,4,12,0,0,0,4,2,9,6.0,6.63
2025-12-06,1,1,19999.0,86,5,12,1,0,0,8,4,3,5.29,6.6
2025-12-07,1,1,19999.0,83,6,12,1,0,0,5,8,12,6.0,6.73
2025-12-08,1,1,19999.0,64,0,12,0,0,0,5,5,6,5.0,6.7
2025-12-09,1,1,19999.0,67,1,12,0,0,0,6,5,2,4.86,6.5
2025-12-10,1,1,19999.0,49,2,12,0,0,0,4,6,8,5.43,6.47
2025-12-11,1,1,19999.0,68,3,12,0,0,0,4,4,2,4.86,6.43
2025-12-12,1,1,19999.0,79,4,12,0,0,0,3,4,4,5.14,6.43
2025-12-13,1,1,19999.0,68,5,12,1,0,0,9,3,8,5.0,6.3
2025-12-14,1,1,19999.0,64,6,12,1,0,0,8,9,5,5.14,6.33
2025-12-15,1,1,19999.0,52,0,12,0,0,0,4,8,5,5.57,6.27
2025-12-16,1,1,19999.0,58,1,12,0,0,0,5,4,6,5.43,6.17
2025-12-17,1,1,19999.0,83,2,12,0,0,0,9,5,4,5.29,5.97
2025-12-18,1,1,19999.0,70,3,12,0,0,0,8,9,4,6.0,6.03
2025-12-19,1,1,19999.0,71,4,12,0,0,0,7,8,3,6.57,6.17
2025-12-20,1,1,19999.0,79,5,12,1,0,0,7,7,9,7.14,6.17
2025-12-21,1,1,19999.0,100,6,12,1,0,0,9,7,8,6.86,6.23
2025-12-22,1,1,19999.0,80,0,12,0,0,0,5,9,4,7.0,6.33
2025-12-23,1,1,19999.0,80,1,12,0,0,0,6,5,5,7.14,6.33
2025-12-24,1,1,19999.0,50,2,12,0,0,0,3,6,9,7.29,6.23
2025-12-25,1,1,19999.0,76,3,12,0,0,0,5,3,8,6.43,6.07
2025-12-26,1,1,15999.2,75,4,12,0,1,20,8,5,7,6.0,6.03
2025-12-27,1,1,19999.0,80,5,12,1,0,0,12,8,7,6.14,6.03
2025-12-28,1,1,19999.0,109,6,12,1,0,0,10,12,9,6.86,6.2
2025-12-29,1,1,19999.0,79,0,12,0,0,0,2,10,5,7.0,6.23
2025-12-30,1,1,19999.0,69,1,12,0,0,0,3,2,6,6.57,6.2
2025-12-31,1,1,15999.2,100,2,12,0,1,20,10,3,3,6.14,5.9
2026-01-01,1,1,19999.0,66,3,1,0,0,0,1,10,5,7.14,6.03
2026-01-02,1,1,19999.0,40,4,1,0,0,0,5,1,8,6.57,6.0
2026-01-03,1,1,19999.0,82,5,1,1,0,0,7,5,12,6.14,5.9
2026-01-04,1,1,15999.2,91,6,1,1,1,20,15,7,10,5.43,6.07
2026-01-05,1,1,19999.0,36,0,1,0,0,0,2,15,2,6.14,6.43
2026-01-06,1,1,19999.0,40,1,1,0,0,0,6,2,3,6.14,6.23
2026-01-07,1,1,19999.0,57,2,1,0,0,0,1,6,10,6.57,6.27
2026-01-08,1,1,19999.0,41,3,1,0,0,0,5,1,1,5.29,6.13
2026-01-09,1,1,19999.0,43,4,1,0,0,0,6,5,5,5.86,6.1
2026-01-10,1,1,19999.0,57,5,1,1,0,0,5,6,7,6.0,6.17
2026-01-11,1,1,19999.0,94,6,1,1,0,0,7,5,15,5.71,6.2
2026-01-12,1,1,19999.0,44,0,1,0,0,0,4,7,2,4.57,6.33
2026-01-13,1,1,19999.0,76,1,1,0,0,0,4,4,6,4.86,6.17
2026-01-14,1,1,19999.0,68,2,1,0,0,0,6,4,1,4.57,6.03
2026-01-15,1,1,15999.2,64,3,1,0,1,20,8,6,5,5.29,6.1
2026-01-16,1,1,19999.0,66,4,1,0,0,0,6,8,6,5.71,6.2
2026-01-17,1,1,19999.0,86,5,1,1,0,0,1,6,5,5.71,6.1
2026-01-18,1,1,19999.0,72,6,1,1,0,0,9,1,7,5.14,5.87
2026-01-19,1,1,17999.1,67,0,1,0,1,10,2,9,4,5.43,5.93
2026-01-20,1,1,14999.25,96,1,1,0,1,25,9,2,4,5.14,5.77
2026-01-21,1,1,19999.0,59,2,1,0,0,0,7,9,6,5.86,5.77
2026-01-22,1,1,19999.0,70,3,1,0,0,0,6,7,8,6.0,5.83
2026-01-23,1,1,19999.0,47,4,1,0,0,0,1,6,6,5.71,5.83
2026-01-24,1,1,19999.0,82,5,1,1,0,0,12,1,1,5.0,5.77
2026-01-25,1,1,19999.0,80,6,1,1,0,0,1,12,9,6.57,6.0
2026-01-26,1,1,19999.0,52,0,1,0,0,0,3,1,2,5.43,5.77
2026-01-27,1,1,19999.0,44,1,1,0,0,0,5,3,9,5.57,5.47
2026-01-28,1,1,19999.0,83,2,1,0,0,0,5,5,7,5.0,5.3
2026-01-29,1,1,19999.0,62,3,1,0,0,0,1,5,6,4.71,5.4
2026-01-30,1,1,19999.0,72,4,1,0,0,0,5,1,1,4.0,5.33
2026-01-31,1,1,19999.0,61,5,1,1,0,0,6,5,12,4.57,5.17
2026-02-01,1,1,19999.0,77,6,2,1,0,0,2,6,1,3.71,5.33
2026-02-02,1,1,19999.0,57,0,2,0,0,0,4,2,3,3.86,5.23
2026-02-03,1,1,19999.0,80,1,2,0,0,0,5,4,5,4.0,5.13
2026-02-04,1,1,19999.0,42,2,2,0,0,0,6,5,5,4.0,4.8
2026-02-05,1,1,19999.0,52,3,2,0,0,0,2,6,1,4.14,4.93
2026-02-06,1,1,19999.0,59,4,2,0,0,0,8,2,5,4.29,4.8
2026-02-07,1,1,19999.0,53,5,2,1,0,0,0,8,6,4.71,5.03
2026-02-08,1,1,19999.0,81,6,2,1,0,0,2,0,2,3.86,4.87
2026-02-09,1,1,19999.0,80,0,2,0,0,0,3,2,4,3.86,4.73
2026-02-10,1,1,17999.1,54,1,2,0,1,10,8,3,5,3.71,4.67
2026-02-11,1,1,19999.0,55,2,2,0,0,0,5,8,6,4.14,4.7
2026-02-12,1,1,19999.0,45,3,2,0,0,0,6,5,2,4.0,4.73
2026-02-13,1,1,19999.0,68,4,2,0,0,0,2,6,8,4.57,4.8
2026-02-14,1,1,17999.1,91,5,2,1,1,10,8,2,0,3.71,4.67
2026-02-15,1,1,19999.0,86,6,2,1,0,0,9,8,2,4.86,4.67
2026-02-16,1,1,19999.0,59,0,2,0,0,0,2,9,3,5.86,4.77
2026-02-17,1,1,19999.0,66,1,2,0,0,0,3,2,8,5.71,4.8
2026-02-18,1,1,16999.15,60,2,2,0,1,15,6,3,5,5.0,4.6
2026-02-19,1,1,19999.0,42,3,2,0,0,0,0,6,6,5.14,4.73
2026-02-20,1,1,19999.0,53,4,2,0,0,0,3,0,2,4.29,4.43
2026-02-21,1,1,19999.0,63,5,2,1,0,0,3,3,8,4.43,4.3
2026-02-22,1,1,19999.0,84,6,2,1,0,0,11,3,9,3.71,4.2
2026-02-23,1,1,19999.0,68,0,2,0,0,0,4,11,2,4.0,4.53
2026-02-24,1,1,19999.0,60,1,2,0,0,0,2,4,3,4.29,4.27
2026-02-25,1,1,19999.0,72,2,2,0,0,0,4,2,6,4.14,4.3
2026-02-26,1,1,19999.0,41,3,2,0,0,0,2,4,0,3.86,4.33
2026-02-27,1,1,19999.0,62,4,2,0,0,0,9,2,3,4.14,4.23
2026-02-28,1,1,14999.25,123,5,2,1,1,25,7,9,3,5.0,4.37
2026-03-01,1,1,19999.0,51,6,3,1,0,0,5,7,11,5.57,4.57
2026-03-02,1,1,19999.0,54,0,3,0,0,0,7,5,4,4.71,4.57
2026-03-03,1,1,19999.0,67,1,3,0,0,0,7,7,2,5.14,4.6
2026-03-04,1,1,17999.1,61,2,3,0,1,10,3,7,4,5.86,4.77
2026-03-05,1,1,15999.2,59,3,3,0,1,20,7,3,2,5.71,4.73
2026-03-06,1,1,19999.0,76,4,3,0,0,0,5,7,9,6.43,4.8
2026-03-07,1,1,16999.15,108,5,3,1,1,15,10,5,7,5.86,4.77
2026-03-08,1,1,19999.0,79,6,3,1,0,0,6,10,5,6.29,5.03
2026-03-09,1,1,19999.0,59,0,3,0,0,0,4,6,7,6.43,4.97
2026-03-10,1,1,19999.0,49,1,3,0,0,0,6,4,7,6.0,5.1
2026-03-11,1,1,19999.0,78,2,3,0,0,0,2,6,3,5.86,5.23
2026-03-12,1,1,19999.0,49,3,3,0,0,0,2,2,7,5.71,5.2
2026-03-13,1,1,19999.0,61,4,3,0,0,0,4,2,5,5.0,5.0
2026-03-14,1,1,19999.0,92,5,3,1,0,0,7,4,10,4.86,4.97
2026-03-15,1,1,19999.0,49,6,3,1,0,0,5,7,6,4.43,5.0
2026-03-16,1,1,19999.0,45,0,3,0,0,0,7,5,4,4.29,5.1
2026-03-17,1,1,17999.1,84,1,3,0,1,10,10,7,6,4.71,5.07
2026-03-18,1,1,19999.0,47,2,3,0,0,0,8,10,2,5.29,5.1
2026-03-19,1,1,19999.0,60,3,3,0,0,0,5,8,2,6.14,5.3
2026-03-20,1,1,19999.0,59,4,3,0,0,0,3,5,4,6.57,5.37
2026-03-21,1,1,19999.0,83,5,3,1,0,0,9,3,7,6.43,5.27
2026-03-22,1,1,19999.0,67,6,3,1,0,0,8,9,5,6.71,5.57
2026-03-23,1,1,19999.0,60,0,3,0,0,0,3,8,7,7.14,5.73
2026-03-24,1,1,19999.0,63,1,3,0,0,0,3,3,10,6.57,5.73
2026-03-25,1,1,14999.25,96,2,3,0,1,25,7,3,8,5.57,5.47
2026-03-26,1,1,14999.25,90,3,3,0,1,25,5,7,5,5.43,5.57
2026-03-27,1,1,19999.0,46,4,3,0,0,0,3,5,3,5.43,5.67
2026-03-28,1,1,19999.0,75,5,3,1,0,0,9,3,9,5.43,5.63
2026-03-29,1,1,19999.0,82,6,3,1,0,0,7,9,8,5.43,5.87
2026-03-30,1,1,19999.0,67,0,3,0,0,0,4,7,3,5.29,5.8
2026-03-31,1,1,19999.0,60,1,3,0,0,0,5,4,3,5.43,5.7
2026-04-01,1,1,19999.0,67,2,4,0,0,0,4,5,7,5.71,5.7
2026-04-02,1,1,19999.0,70,3,4,0,0,0,2,4,5,5.29,5.6
2026-04-03,1,1,19999.0,43,4,4,0,0,0,5,2,3,4.86,5.43
2026-04-04,1,1,19999.0,50,5,4,1,0,0,6,5,9,5.14,5.5
2026-04-05,1,1,19999.0,82,6,4,1,0,0,8,6,7,4.71,5.47
2026-04-06,1,1,19999.0,49,0,4,0,0,0,3,8,4,4.86,5.57
2026-04-07,1,1,19999.0,42,1,4,0,0,0,5,3,5,4.71,5.33
2026-04-08,1,1,19999.0,46,2,4,0,0,0,3,5,4,4.71,5.3
2026-04-09,1,1,19999.0,71,3,4,0,0,0,5,3,2,4.57,5.27
2026-04-10,1,1,14999.25,55,4,4,0,1,25,7,5,5,5.0,5.23
2026-04-11,1,1,19999.0,70,5,4,1,0,0,8,7,6,5.29,5.4
2026-04-12,1,1,19999.0,83,6,4,1,0,0,4,8,8,5.57,5.6
2026-04-13,1,1,19999.0,69,0,4,0,0,0,5,4,3,5.0,5.6
2026-04-14,1,1,19999.0,60,1,4,0,0,0,4,5,5,5.29,5.53
2026-04-15,1,1,16999.15,66,2,4,0,1,15,5,4,3,5.14,5.5
2026-04-16,1,1,17999.1,53,3,4,0,1,10,5,5,5,5.43,5.43
2026-04-17,1,1,19999.0,56,4,4,0,0,0,2,5,7,5.43,5.27
2026-04-18,1,1,19999.0,76,5,4,1,0,0,6,2,8,4.71,5.07
2026-04-19,1,1,16999.15,107,6,4,1,1,15,8,6,4,4.43,5.1
2026-04-20,1,1,19999.0,34,0,4,0,0,0,3,8,5,5.0,5.27
2026-04-21,1,1,17999.1,75,1,4,0,1,10,6,3,4,4.71,5.07
2026-04-22,1,1,19999.0,79,2,4,0,0,0,2,6,5,5.0,5.0
2026-04-23,1,1,19999.0,63,3,4,0,0,0,6,2,5,4.57,4.97
2026-04-24,1,1,19999.0,47,4,4,0,0,0,6,6,2,4.71,5.07
2026-04-25,1,1,19999.0,86,5,4,1,0,0,5,6,6,5.29,5.03
2026-04-26,1,1,19999.0,89,6,4,1,0,0,6,5,8,5.14,5.03
2026-04-27,1,1,19999.0,42,0,4,0,0,0,2,6,3,4.86,5.13
2026-04-28,1,1,19999.0,60,1,4,0,0,0,1,2,6,4.71,4.9
2026-04-29,1,1,19999.0,74,2,4,0,0,0,1,1,2,4.0,4.7
2026-04-30,1,1,19999.0,36,3,4,0,0,0,4,1,6,3.86,4.6
2026-05-01,1,1,19999.0,64,4,5,0,0,0,3,4,6,3.57,4.57
2026-05-02,1,1,19999.0,89,5,5,1,0,0,4,3,5,3.14,4.53
2026-05-03,1,1,19999.0,90,6,5,1,0,0,7,4,6,3.0,4.6
2026-05-04,1,1,14999.25,68,0,5,0,1,25,4,7,2,3.14,4.67
2026-05-05,1,1,19999.0,57,1,5,0,0,0,4,4,1,3.43,4.6
2026-05-06,1,1,19999.0,55,2,5,0,0,0,3,4,1,3.86,4.47
2026-05-07,1,1,16999.15,71,3,5,0,1,15,12,3,4,4.14,4.47
2026-05-08,1,1,19999.0,64,4,5,0,0,0,4,12,3,5.29,4.7
2026-05-09,1,1,19999.0,76,5,5,1,0,0,7,4,4,5.43,4.73
2026-05-10,1,1,19999.0,53,6,5,1,0,0,4,7,7,5.86,4.8
2026-05-11,1,1,16999.15,66,0,5,0,1,15,10,4,4,5.43,4.7
2026-05-12,1,1,19999.0,75,1,5,0,0,0,3,10,4,6.29,4.77
2026-05-13,1,1,19999.0,48,2,5,0,0,0,7,3,3,6.14,4.73
2026-05-14,1,1,19999.0,75,3,5,0,0,0,4,7,12,6.71,4.8
2026-05-15,1,1,19999.0,54,4,5,0,0,0,2,4,4,5.57,4.8
2026-05-16,1,1,19999.0,66,5,5,1,0,0,6,2,7,5.29,4.7
2026-05-17,1,1,19999.0,82,6,5,1,0,0,4,6,4,5.14,4.73
2026-05-18,1,1,19999.0,72,0,5,0,0,0,5,4,10,5.14,4.8
2026-05-19,1,1,15999.2,53,1,5,0,1,20,7,5,3,4.43,4.77
2026-05-20,1,1,19999.0,74,2,5,0,0,0,8,7,7,5.0,4.73
2026-05-21,1,1,16999.15,70,3,5,0,1,15,4,8,4,5.14,4.9
2026-05-22,1,1,19999.0,38,4,5,0,0,0,6,4,2,5.14,4.83
2026-05-23,1,1,19999.0,86,5,5,1,0,0,4,6,6,5.71,4.97
2026-05-24,1,1,19999.0,81,6,5,1,0,0,5,4,4,5.43,4.9
2026-05-25,1,1,19999.0,60,0,5,0,0,0,1,5,5,5.57,4.87
2026-05-26,1,1,19999.0,50,1,5,0,0,0,4,1,7,5.0,4.73
2026-05-27,1,1,19999.0,36,2,5,0,0,0,3,4,8,4.57,4.67
2026-05-28,1,1,19999.0,61,3,5,0,0,0,4,3,4,3.86,4.7
2026-05-29,1,1,19999.0,38,4,5,0,0,0,4,4,6,3.86,4.8
2026-05-30,1,1,19999.0,51,5,5,1,0,0,5,4,4,3.57,4.9
2026-05-31,1,1,19999.0,95,6,5,1,0,0,6,5,5,3.71,4.93
2026-06-01,1,1,19999.0,57,0,6,0,0,0,3,6,1,3.86,5.03
2026-06-02,1,1,19999.0,44,1,6,0,0,0,2,3,4,4.14,5.0
2026-06-03,1,1,14999.25,76,2,6,0,1,25,5,2,3,3.86,4.83
2026-06-04,1,1,19999.0,54,3,6,0,0,0,2,5,4,4.14,4.87
2026-06-05,1,1,15999.2,51,4,6,0,1,20,6,2,4,3.86,4.8
2026-06-06,1,1,19999.0,61,5,6,1,0,0,9,6,5,4.14,4.9
2026-06-07,1,1,19999.0,55,6,6,1,0,0,7,9,6,4.71,4.8
2026-06-08,1,1,19999.0,34,0,6,0,0,0,6,7,3,4.86,4.9
2026-06-09,1,1,19999.0,46,1,6,0,0,0,6,6,2,5.29,4.87
2026-06-10,1,1,19999.0,72,2,6,0,0,0,6,6,5,5.86,4.93
2026-06-11,1,1,19999.0,57,3,6,0,0,0,1,6,2,6.0,4.8
2026-06-12,1,1,17999.1,93,4,6,0,1,10,7,1,6,5.86,4.73
2026-06-13,1,1,19999.0,72,5,6,1,0,0,5,7,9,6.0,4.73
2026-06-14,1,1,19999.0,71,6,6,1,0,0,3,5,7,5.43,4.77
2026-06-15,1,1,19999.0,54,0,6,0,0,0,6,3,6,4.86,4.8
2026-06-16,1,1,15999.2,95,1,6,0,1,20,2,6,6,4.86,4.8
2026-06-17,1,1,19999.0,40,2,6,0,0,0,2,2,6,4.29,4.73
2026-06-18,1,1,19999.0,67,3,6,0,0,0,3,2,1,3.71,4.63
2026-06-19,1,1,19999.0,49,4,6,0,0,0,4,3,7,4.0,4.5
2026-06-20,1,1,19999.0,90,5,6,1,0,0,8,4,5,3.57,4.37
2026-06-21,1,1,19999.0,92,6,6,1,0,0,3,8,3,4.0,4.5
2026-06-22,1,1,19999.0,41,0,6,0,0,0,6,3,6,4.0,4.4
2026-06-23,1,1,19999.0,75,1,6,0,0,0,5,6,2,4.0,4.47
2026-06-24,1,1,19999.0,67,2,6,0,0,0,2,5,2,4.43,4.47
2026-06-25,1,1,19999.0,60,3,6,0,0,0,4,2,3,4.43,4.5
2026-06-26,1,1,19999.0,62,4,6,0,0,0,2,4,4,4.57,4.5
2026-06-27,1,1,14999.25,106,5,6,1,1,25,10,2,8,4.29,4.47
2026-06-28,1,1,19999.0,90,6,6,1,0,0,11,10,3,4.57,4.67
2026-06-29,1,1,19999.0,86,0,6,0,0,0,3,11,6,5.71,4.9
2026-06-30,1,1,19999.0,76,1,6,0,0,0,5,3,5,5.29,4.83
2026-07-01,1,1,19999.0,48,2,7,0,0,0,2,5,2,5.29,4.8
2026-07-02,1,1,19999.0,85,3,7,0,0,0,5,2,4,5.29,4.77
2026-07-03,1,1,19999.0,90,4,7,0,0,0,6,5,2,5.43,4.87
2026-07-04,1,1,19999.0,94,5,7,1,0,0,5,6,10,6.0,4.9
2026-07-05,1,1,19999.0,74,6,7,1,0,0,5,5,11,5.29,5.0
2026-07-06,1,1,19999.0,68,0,7,0,0,0,8,5,3,4.43,4.97
2026-07-07,1,1,19999.0,72,1,7,0,0,0,5,8,5,5.14,4.93
2026-07-08,1,1,19999.0,51,2,7,0,0,0,8,5,2,5.14,4.87
2026-07-09,1,1,19999.0,59,3,7,0,0,0,3,8,5,6.0,4.93
2026-07-10,1,1,19999.0,78,4,7,0,0,0,6,3,6,5.71,4.83
2026-07-11,1,1,19999.0,91,5,7,1,0,0,10,6,5,5.71,4.83
2026-07-12,1,1,19999.0,90,6,7,1,0,0,6,10,5,6.43,5.13
2026-07-13,1,1,19999.0,43,0,7,0,0,0,3,6,8,6.57,5.1
2026-07-14,1,1,19999.0,51,1,7,0,0,0,2,3,5,5.86,5.03
2026-07-15,1,1,19999.0,74,2,7,0,0,0,2,2,8,5.43,5.0
2026-07-16,1,1,14999.25,87,3,7,0,1,25,8,2,3,4.57,4.87
2026-07-17,1,1,19999.0,69,4,7,0,0,0,2,8,6,5.29,5.07
2026-07-18,1,1,19999.0,94,5,7,1,0,0,4,2,10,4.71,5.07
2026-07-19,1,1,19999.0,73,6,7,1,0,0,7,4,6,3.86,5.1
2026-07-20,1,1,19999.0,78,0,7,0,0,0,4,7,3,4.0,5.2
2026-07-21,1,1,19999.0,60,1,7,0,0,0,6,4,2,4.14,5.07
2026-07-22,1,1,19999.0,72,2,7,0,0,0,5,6,2,4.71,5.17
2026-07-23,1,1,16999.15,68,3,7,0,1,15,7,5,8,5.14,5.13
2026-07-24,1,1,19999.0,51,4,7,0,0,0,5,7,2,5.0,5.2
2026-07-25,1,1,19999.0,87,5,7,1,0,0,6,5,4,5.43,5.3
2026-07-26,1,1,15999.2,120,6,7,1,1,20,10,6,7,5.71,5.37
2026-07-27,1,1,19999.0,41,0,7,0,0,0,8,10,4,6.14,5.63
2026-07-28,1,1,19999.0,55,1,7,0,0,0,4,8,6,6.71,5.57
2026-07-29,1,1,19999.0,71,2,7,0,0,0,3,4,5,6.43,5.33
2026-07-30,1,1,19999.0,34,3,7,0,0,0,0,3,7,6.14,5.33
2026-07-31,1,1,19999.0,68,4,7,0,0,0,4,0,5,5.14,5.17
2026-08-01,1,1,15999.2,86,5,8,1,1,20,8,4,6,5.0,5.23
2026-08-02,1,1,19999.0,69,6,8,1,0,0,1,8,10,5.29,5.33
2026-08-03,1,1,19999.0,45,0,8,0,0,0,5,1,8,4.0,5.17
2026-08-04,1,1,19999.0,45,1,8,0,0,0,2,5,4,3.57,5.17
2026-08-05,1,1,14999.25,96,2,8,0,1,25,7,2,3,3.29,5.07
2026-08-06,1,1,19999.0,55,3,8,0,0,0,1,7,0,3.86,5.03
2026-08-07,1,1,19999.0,70,4,8,0,0,0,5,1,4,4.0,4.9
2026-08-08,1,1,19999.0,76,5,8,1,0,0,4,5,8,4.14,4.8
2026-08-09,1,1,19999.0,88,6,8,1,0,0,7,4,1,3.57,4.83
2026-08-10,1,1,16999.15,74,0,8,0,1,15,4,7,5,4.43,4.87
2026-08-11,1,1,19999.0,77,1,8,0,0,0,7,4,2,4.29,4.67
2026-08-12,1,1,19999.0,70,2,8,0,0,0,7,7,7,5.0,4.7
2026-08-13,1,1,16999.15,63,3,8,0,1,15,7,7,1,5.0,4.83
2026-08-14,1,1,19999.0,52,4,8,0,0,0,4,7,5,5.86,5.0
2026-08-15,1,1,15999.2,103,5,8,1,1,20,8,4,4,5.71,5.07
2026-08-16,1,1,19999.0,73,6,8,1,0,0,6,8,7,6.29,5.07
2026-08-17,1,1,19999.0,51,0,8,0,0,0,1,6,4,6.14,5.2
2026-08-18,1,1,19999.0,84,1,8,0,0,0,6,1,7,5.71,5.1
2026-08-19,1,1,19999.0,48,2,8,0,0,0,4,6,7,5.57,5.07
2026-08-20,1,1,19999.0,54,3,8,0,0,0,5,4,7,5.14,5.07
2026-08-21,1,1,19999.0,74,4,8,0,0,0,3,5,4,4.86,5.03
2026-08-22,1,1,19999.0,99,5,8,1,0,0,4,3,8,4.71,4.97
2026-08-23,1,1,19999.0,71,6,8,1,0,0,5,4,6,4.14,4.87
2026-08-24,1,1,19999.0,72,0,8,0,0,0,1,5,1,4.0,4.87
2026-08-25,1,1,19999.0,65,1,8,0,0,0,3,1,6,4.0,4.7
2026-08-26,1,1,19999.0,84,2,8,0,0,0,2,3,4,3.57,4.47
2026-08-27,1,1,19999.0,49,3,8,0,0,0,8,2,5,3.29,4.27
2026-08-28,1,1,19999.0,81,4,8,0,0,0,5,8,3,3.71,4.4
2026-08-29,1,1,19999.0,101,5,8,1,0,0,8,5,4,4.0,4.47
2026-08-30,1,1,19999.0,79,6,8,1,0,0,10,8,5,4.57,4.73
2026-08-31,1,1,19999.0,78,0,8,0,0,0,1,10,1,5.29,4.93
2026-09-01,1,1,19999.0,70,1,9,0,0,0,5,1,3,5.29,4.7
2026-09-02,1,1,19999.0,41,2,9,0,0,0,5,5,2,5.57,4.83
2026-09-03,1,1,19999.0,59,3,9,0,0,0,4,5,8,6.0,4.83
2026-09-04,1,1,19999.0,61,4,9,0,0,0,4,4,5,5.43,4.9
2026-09-05,1,1,19999.0,51,5,9,1,0,0,4,4,8,5.29,4.8
2026-09-06,1,1,19999.0,80,6,9,1,0,0,10,4,10,4.71,4.9
2026-09-07,1,1,19999.0,50,0,9,0,0,0,4,10,1,4.71,5.07
2026-09-08,1,1,19999.0,81,1,9,0,0,0,4,4,5,5.14,5.07
2026-09-09,1,1,19999.0,41,2,9,0,0,0,3,4,5,5.0,4.97
2026-09-10,1,1,19999.0,70,3,9,0,0,0,1,3,4,4.71,4.93
2026-09-11,1,1,19999.0,53,4,9,0,0,0,4,1,4,4.29,4.73
2026-09-12,1,1,19999.0,80,5,9,1,0,0,1,4,4,4.29,4.63
2026-09-13,1,1,19999.0,76,6,9,1,0,0,6,1,10,3.86,4.43
2026-09-14,1,1,19999.0,78,0,9,0,0,0,3,6,4,3.29,4.5
2026-09-15,1,1,19999.0,56,1,9,0,0,0,5,3,4,3.14,4.33
2026-09-16,1,1,19999.0,47,2,9,0,0,0,4,5,3,3.29,4.3
2026-09-17,1,1,16999.15,78,3,9,0,1,15,6,4,1,3.43,4.4
2026-09-18,1,1,19999.0,76,4,9,0,0,0,5,6,4,4.14,4.4
2026-09-19,1,1,19999.0,94,5,9,1,0,0,6,5,1,4.29,4.43
2026-09-20,1,1,19999.0,58,6,9,1,0,0,0,6,6,5.0,4.47
2026-09-21,1,1,16999.15,53,0,9,0,1,15,2,0,3,4.14,4.37
2026-09-22,1,1,19999.0,69,1,9,0,0,0,6,2,5,4.0,4.3
2026-09-23,1,1,19999.0,54,2,9,0,0,0,7,6,4,4.14,4.33
2026-09-24,1,1,19999.0,46,3,9,0,0,0,3,7,6,4.57,4.53
2026-09-25,1,1,19999.0,39,4,9,0,0,0,5,3,5,4.14,4.53
2026-09-26,1,1,19999.0,84,5,9,1,0,0,5,5,6,4.14,4.63
2025-09-26,2,1,9999.0,63,4,9,0,0,0,12,7,7,,
2025-09-27,2,1,9999.0,120,5,9,1,0,0,8,12,7,12.0,12.0
2025-09-28,2,1,9999.0,122,6,9,1,0,0,9,8,7,10.0,10.0
2025-09-29,2,1,9999.0,81,0,9,0,0,0,5,9,7,9.67,9.67
2025-09-30,2,1,9999.0,103,1,9,0,0,0,8,5,7,8.5,8.5
2025-10-01,2,1,9999.0,89,2,10,0,0,0,14,8,7,8.4,8.4
2025-10-02,2,1,9999.0,86,3,10,0,0,0,10,14,7,9.33,9.33
2025-10-03,2,1,9999.0,123,4,10,0,0,0,9,10,12,9.43,9.43
2025-10-04,2,1,9999.0,114,5,10,1,0,0,6,9,8,9.0,9.38
2025-10-05,2,1,9999.0,140,6,10,1,0,0,17,6,9,8.71,9.0
2025-10-06,2,1,9999.0,102,0,10,0,0,0,5,17,5,9.86,9.8
2025-10-07,2,1,9999.0,98,1,10,0,0,0,9,5,8,9.86,9.36
2025-10-08,2,1,9999.0,102,2,10,0,0,0,9,9,14,10.0,9.33
2025-10-09,2,1,9999.0,103,3,10,0,0,0,9,9,10,9.29,9.31
2025-10-10,2,1,9999.0,117,4,10,0,0,0,12,9,9,9.14,9.29
2025-10-11,2,1,9999.0,117,5,10,1,0,0,13,12,6,9.57,9.47
2025-10-12,2,1,9999.0,114,6,10,1,0,0,11,13,17,10.57,9.69
2025-10-13,2,1,9999.0,93,0,10,0,0,0,11,11,5,9.71,9.76
2025-10-14,2,1,9999.0,112,1,10,0,0,0,11,11,9,10.57,9.83
2025-10-15,2,1,9999.0,93,2,10,0,0,0,8,11,9,10.86,9.89
2025-10-16,2,1,9999.0,106,3,10,0,0,0,12,8,9,10.71,9.8
2025-10-17,2,1,9999.0,104,4,10,0,0,0,12,12,12,11.14,9.9
2025-10-18,2,1,9999.0,122,5,10,1,0,0,10,12,13,11.14,10.0
2025-10-19,2,1,9999.0,120,6,10,1,0,0,21,10,11,10.71,10.0
2025-10-20,2,1,9999.0,114,0,10,0,0,0,8,21,11,12.14,10.46
2025-10-21,2,1,9999.0,103,1,10,0,0,0,8,8,11,11.71,10.36
2025-10-22,2,1,9999.0,113,2,10,0,0,0,9,8,8,11.29,10.27
2025-10-23,2,1,9999.0,88,3,10,0,0,0,13,9,12,11.43,10.22
2025-10-24,2,1,9999.0,122,4,10,0,0,0,10,13,12,11.57,10.32
2025-10-25,2,1,9999.0,159,5,10,1,0,0,19,10,10,11.29,10.31
2025-10-26,2,1,9999.0,152,6,10,1,0,0,7,19,21,12.57,10.6
2025-10-27,2,1,9999.0,98,0,10,0,0,0,8,7,8,10.57,10.43
2025-10-28,2,1,9999.0,96,1,10,0,0,0,12,8,8,10.57,10.43
2025-10-29,2,1,9999.0,103,2,10,0,0,0,17,12,9,11.14,10.53
2025-10-30,2,1,9999.0,120,3,10,0,0,0,12,17,13,12.29,10.93
2025-10-31,2,1,9999.0,91,4,10,0,0,0,7,12,10,12.14,11.07
2025-11-01,2,1,9999.0,161,5,11,1,0,0,25,7,19,11.71,10.83
2025-11-02,2,1,9999.0,121,6,11,1,0,0,12,25,7,12.57,11.33
2025-11-03,2,1,9999.0,111,0,11,0,0,0,7,12,8,13.29,11.43
2025-11-04,2,1,9999.0,111,1,11,0,0,0,4,7,12,13.14,11.47
2025-11-05,2,1,9999.0,89,2,11,0,0,0,11,4,17,12.0,11.03
2025-11-06,2,1,9999.0,101,3,11,0,0,0,8,11,12,11.14,11.23
2025-11-07,2,1,9999.0,107,4,11,0,0,0,16,8,7,10.57,11.2
2025-11-08,2,1,8499.15,189,5,11,1,1,15,23,16,25,11.86,11.43
2025-11-09,2,1,9999.0,118,6,11,1,0,0,13,23,12,11.57,11.9
2025-11-10,2,1,9999.0,85,0,11,0,0,0,12,13,7,11.71,11.93
2025-11-11,2,1,9999.0,121,1,11,0,0,0,12,12,4,12.43,11.9
2025-11-12,2,1,7499.25,132,2,11,0,1,25,17,12,11,13.57,11.93
2025-11-13,2,1,9999.0,95,3,11,0,0,0,10,17,8,14.43,12.13
2025-11-14,2,1,9999.0,115,4,11,0,0,0,7,10,16,14.71,12.1
2025-11-15,2,1,7499.25,212,5,11,1,1,25,18,7,23,13.43,12.07
2025-11-16,2,1,9999.0,134,6,11,1,0,0,13,18,13,12.71,12.27
2025-11-17,2,1,9999.0,91,0,11,0,0,0,17,13,12,12.71,12.3
2025-11-18,2,1,9999.0,101,1,11,0,0,0,9,17,12,13.43,12.53
2025-11-19,2,1,7499.25,130,2,11,0,1,25,15,9,17,13.0,12.13
2025-11-20,2,1,9999.0,119,3,11,0,0,0,6,15,10,12.71,12.37
2025-11-21,2,1,9999.0,99,4,11,0,0,0,13,6,7,12.14,12.3
2025-11-22,2,1,9999.0,123,5,11,1,0,0,7,13,18,13.0,12.43
2025-11-23,2,1,9999.0,139,6,11,1,0,0,16,7,13,11.43,12.23
2025-11-24,2,1,9999.0,119,0,11,0,0,0,8,16,17,11.86,12.43
2025-11-25,2,1,9999.0,111,1,11,0,0,0,14,8,9,10.57,12.07
2025-11-26,2,1,9999.0,85,2,11,0,0,0,7,14,15,11.29,12.3
2025-11-27,2,1,9999.0,106,3,11,0,0,0,7,7,6,10.14,12.27
2025-11-28,2,1,9999.0,83,4,11,0,0,0,10,7,13,10.29,12.1
2025-11-29,2,1,9999.0,162,5,11,1,0,0,12,10,7,9.86,11.87
2025-11-30,2,1,9999.0,130,6,11,1,0,0,11,12,16,10.57,11.87
2025-12-01,2,1,9999.0,119,0,12,0,0,0,10,11,8,9.86,12.0
2025-12-02,2,1,9999.0,97,1,12,0,0,0,10,10,14,10.14,11.5
2025-12-03,2,1,9999.0,83,2,12,0,0,0,16,10,7,9.57,11.43
2025-12-04,2,1,9999.0,89,3,12,0,0,0,10,16,7,10.86,11.73
2025-12-05,2,1,9999.0,125,4,12,0,0,0,8,10,10,11.29,11.93
2025-12-06,2,1,9999.0,127,5,12,1,0,0,17,8,12,11.0,11.83
2025-12-07,2,1,9999.0,135,6,12,1,0,0,14,17,11,11.71,12.13
2025-12-08,2,1,9999.0,104,0,12,0,0,0,7,14,10,12.14,12.07
2025-12-09,2,1,9999.0,94,1,12,0,0,0,9,7,10,11.71,11.53
2025-12-10,2,1,9999.0,82,2,12,0,0,0,8,9,16,11.57,11.4
2025-12-11,2,1,9999.0,120,3,12,0,0,0,10,8,10,10.43,11.27
2025-12-12,2,1,9999.0,90,4,12,0,0,0,8,10,8,10.43,11.2
2025-12-13,2,1,9999.0,113,5,12,1,0,0,12,8,17,10.43,10.9
2025-12-14,2,1,7499.25,189,6,12,1,1,25,17,12,14,9.71,10.97
2025-12-15,2,1,9999.0,105,0,12,0,0,0,13,17,7,10.14,11.3
2025-12-16,2,1,9999.0,92,1,12,0,0,0,8,13,9,11.0,11.13
2025-12-17,2,1,7499.25,148,2,12,0,1,25,12,8,8,10.86,10.97
2025-12-18,2,1,9999.0,102,3,12,0,0,0,3,12,10,11.43,10.8
2025-12-19,2,1,9999.0,125,4,12,0,0,0,5,3,8,10.43,10.6
2025-12-20,2,1,9999.0,149,5,12,1,0,0,13,5,12,10.0,10.27
2025-12-21,2,1,9999.0,118,6,12,1,0,0,12,13,17,10.14,10.5
2025-12-22,2,1,9999.0,102,0,12,0,0,0,12,12,13,9.43,10.47
2025-12-23,2,1,9999.0,87,1,12,0,0,0,11,12,8,9.29,10.63
2025-12-24,2,1,9999.0,81,2,12,0,0,0,5,11,12,9.71,10.47
2025-12-25,2,1,9999.0,105,3,12,0,0,0,11,5,3,8.71,10.37
2025-12-26,2,1,9999.0,126,4,12,0,0,0,12,11,5,9.86,10.27
2025-12-27,2,1,9999.0,155,5,12,1,0,0,9,12,13,10.86,10.43
2025-12-28,2,1,7999.2,207,6,12,1,1,20,25,9,12,10.29,10.5
2025-12-29,2,1,9999.0,88,0,12,0,0,0,8,25,12,12.14,11.0
2025-12-30,2,1,8999.1,153,1,12,0,1,10,13,8,11,11.57,10.87
2025-12-31,2,1,9999.0,114,2,12,0,0,0,13,13,5,11.86,10.93
2026-01-01,2,1,9999.0,100,3,1,0,0,0,7,13,11,13.0,11.03
2026-01-02,2,1,9999.0,75,4,1,0,0,0,7,7,12,12.43,10.93
2026-01-03,2,1,8499.15,151,5,1,1,1,15,16,7,9,11.71,10.63
2026-01-04,2,1,9999.0,104,6,1,1,0,0,9,16,25,12.71,10.83
2026-01-05,2,1,9999.0,62,0,1,0,0,0,11,9,8,10.43,10.87
2026-01-06,2,1,8499.15,120,1,1,0,1,15,10,11,13,10.86,10.67
2026-01-07,2,1,9999.0,97,2,1,0,0,0,10,10,13,10.43,10.53
2026-01-08,2,1,9999.0,104,3,1,0,0,0,8,10,7,10.0,10.63
2026-01-09,2,1,9999.0,86,4,1,0,0,0,7,8,7,10.14,10.6
2026-01-10,2,1,9999.0,128,5,1,1,0,0,12,7,16,10.14,10.57
2026-01-11,2,1,9999.0,121,6,1,1,0,0,3,12,9,9.57,10.63
2026-01-12,2,1,9999.0,77,0,1,0,0,0,6,3,11,8.71,10.47
2026-01-13,2,1,9999.0,85,1,1,0,0,0,3,6,10,8.0,10.27
2026-01-14,2,1,9999.0,82,2,1,0,0,0,3,3,10,7.0,9.8
2026-01-15,2,1,9999.0,69,3,1,0,0,0,6,3,8,6.0,9.47
2026-01-16,2,1,9999.0,92,4,1,0,0,0,4,6,7,5.71,9.4
2026-01-17,2,1,9999.0,96,5,1,1,0,0,9,4,12,5.29,9.13
2026-01-18,2,1,9999.0,83,6,1,1,0,0,14,9,3,4.86,9.33
2026-01-19,2,1,9999.0,101,0,1,0,0,0,3,14,6,6.43,9.63
2026-01-20,2,1,9999.0,101,1,1,0,0,0,6,3,3,6.0,9.3
2026-01-21,2,1,9999.0,87,2,1,0,0,0,9,6,3,6.43,9.1
2026-01-22,2,1,9999.0,70,3,1,0,0,0,8,9,6,7.29,9.0
2026-01-23,2,1,9999.0,62,4,1,0,0,0,10,8,4,7.57,8.9
2026-01-24,2,1,9999.0,131,5,1,1,0,0,8,10,9,8.43,9.07
2026-01-25,2,1,9999.0,109,6,1,1,0,0,5,8,14,8.29,8.97
2026-01-26,2,1,9999.0,102,0,1,0,0,0,10,5,3,7.0,8.73
2026-01-27,2,1,9999.0,89,1,1,0,0,0,6,10,6,8.0,8.77
2026-01-28,2,1,9999.0,93,2,1,0,0,0,2,6,9,8.0,8.13
2026-01-29,2,1,9999.0,82,3,1,0,0,0,12,2,8,7.0,7.93
2026-01-30,2,1,9999.0,72,4,1,0,0,0,10,12,10,7.57,7.9
2026-01-31,2,1,9999.0,133,5,1,1,0,0,11,10,8,7.57,7.8
2026-02-01,2,1,7499.25,136,6,2,1,1,25,17,11,5,8.0,7.93
2026-02-02,2,1,9999.0,72,0,2,0,0,0,6,17,10,9.71,8.27
2026-02-03,2,1,7999.2,128,1,2,0,1,20,6,6,6,9.14,7.93
2026-02-04,2,1,7499.25,133,2,2,0,1,25,8,6,2,9.14,7.83
2026-02-05,2,1,9999.0,80,3,2,0,0,0,6,8,12,10.0,7.73
2026-02-06,2,1,7999.2,90,4,2,0,1,20,9,6,10,9.14,7.6
2026-02-07,2,1,9999.0,81,5,2,1,0,0,9,9,11,9.0,7.57
2026-02-08,2,1,9999.0,122,6,2,1,0,0,12,9,17,8.71,7.6
2026-02-09,2,1,9999.0,104,0,2,0,0,0,4,12,6,8.0,7.77
2026-02-10,2,1,9999.0,83,1,2,0,0,0,7,4,6,7.71,7.5
2026-02-11,2,1,9999.0,74,2,2,0,0,0,4,7,8,7.86,7.63
2026-02-12,2,1,9999.0,62,3,2,0,0,0,5,4,6,7.29,7.57
2026-02-13,2,1,9999.0,84,4,2,0,0,0,9,5,9,7.14,7.63
2026-02-14,2,1,9999.0,90,5,2,1,0,0,14,9,9,7.14,7.83
2026-02-15,2,1,9999.0,130,6,2,1,0,0,10,14,12,7.86,8.1
2026-02-16,2,1,9999.0,77,0,2,0,0,0,5,10,4,7.57,8.3
2026-02-17,2,1,9999.0,97,1,2,0,0,0,6,5,7,7.71,8.17
2026-02-18,2,1,9999.0,64,2,2,0,0,0,5,6,4,7.57,7.9
2026-02-19,2,1,9999.0,60,3,2,0,0,0,4,5,5,7.71,7.97
2026-02-20,2,1,9999.0,79,4,2,0,0,0,6,4,9,7.57,7.9
2026-02-21,2,1,9999.0,104,5,2,1,0,0,12,6,14,7.14,7.8
2026-02-22,2,1,7499.25,150,6,2,1,1,25,15,12,10,6.86,7.93
2026-02-23,2,1,9999.0,83,0,2,0,0,0,11,15,5,7.57,8.1
2026-02-24,2,1,9999.0,97,1,2,0,0,0,6,11,6,8.43,8.2
2026-02-25,2,1,9999.0,104,2,2,0,0,0,4,6,5,8.43,8.23
2026-02-26,2,1,9999.0,61,3,2,0,0,0,4,4,4,8.29,8.03
2026-02-27,2,1,7999.2,98,4,2,0,1,20,14,4,6,8.29,7.97
2026-02-28,2,1,9999.0,112,5,2,1,0,0,16,14,12,9.43,8.37
2026-03-01,2,1,9999.0,125,6,3,1,0,0,8,16,15,10.0,8.5
2026-03-02,2,1,9999.0,71,0,3,0,0,0,3,8,11,9.0,8.43
2026-03-03,2,1,9999.0,62,1,3,0,0,0,6,3,6,7.86,8.17
2026-03-04,2,1,9999.0,63,2,3,0,0,0,1,6,4,7.86,7.8
2026-03-05,2,1,9999.0,106,3,3,0,0,0,5,1,4,7.43,7.63
2026-03-06,2,1,9999.0,72,4,3,0,0,0,13,5,14,7.57,7.6
2026-03-07,2,1,8499.15,140,5,3,1,1,15,10,13,16,7.43,7.77
2026-03-08,2,1,7499.25,154,6,3,1,1,25,13,10,8,6.57,7.9
2026-03-09,2,1,9999.0,90,0,3,0,0,0,4,13,3,7.29,8.03
2026-03-10,2,1,9999.0,85,1,3,0,0,0,6,4,6,7.43,7.87
2026-03-11,2,1,9999.0,75,2,3,0,0,0,9,6,1,7.43,7.67
2026-03-12,2,1,9999.0,86,3,3,0,0,0,8,9,5,8.57,7.83
2026-03-13,2,1,9999.0,80,4,3,0,0,0,7,8,13,9.0,7.87
2026-03-14,2,1,9999.0,117,5,3,1,0,0,11,7,10,8.14,7.97
2026-03-15,2,1,8499.15,144,6,3,1,1,15,10,11,13,8.29,8.17
2026-03-16,2,1,9999.0,104,0,3,0,0,0,11,10,4,7.86,8.2
2026-03-17,2,1,9999.0,75,1,3,0,0,0,6,11,6,8.86,8.1
2026-03-18,2,1,9999.0,93,2,3,0,0,0,8,6,9,8.86,7.97
2026-03-19,2,1,9999.0,92,3,3,0,0,0,2,8,8,8.71,8.07
2026-03-20,2,1,9999.0,95,4,3,0,0,0,3,2,7,7.86,7.93
2026-03-21,2,1,9999.0,105,5,3,1,0,0,8,3,11,7.29,7.87
2026-03-22,2,1,9999.0,98,6,3,1,0,0,10,8,10,6.86,8.0
2026-03-23,2,1,9999.0,61,0,3,0,0,0,5,10,11,6.86,8.13
2026-03-24,2,1,9999.0,90,1,3,0,0,0,3,5,6,6.0,7.9
2026-03-25,2,1,9999.0,87,2,3,0,0,0,5,3,8,5.57,7.5
2026-03-26,2,1,9999.0,67,3,3,0,0,0,6,5,2,5.14,7.3
2026-03-27,2,1,9999.0,68,4,3,0,0,0,4,6,3,5.71,7.3
2026-03-28,2,1,9999.0,100,5,3,1,0,0,7,4,8,5.86,7.3
2026-03-29,2,1,9999.0,88,6,3,1,0,0,10,7,10,5.71,7.4
2026-03-30,2,1,9999.0,61,0,3,0,0,0,8,10,5,5.71,7.27
2026-03-31,2,1,9999.0,72,1,3,0,0,0,4,8,3,6.14,7.0
2026-04-01,2,1,9999.0,83,2,4,0,0,0,8,4,5,6.29,6.87
2026-04-02,2,1,9999.0,65,3,4,0,0,0,10,8,6,6.71,7.03
2026-04-03,2,1,9999.0,87,4,4,0,0,0,9,10,4,7.29,7.17
2026-04-04,2,1,9999.0,107,5,4,1,0,0,14,9,7,8.0,7.43
2026-04-05,2,1,9999.0,121,6,4,1,0,0,10,14,10,9.0,7.73
2026-04-06,2,1,9999.0,85,0,4,0,0,0,13,10,8,9.0,7.63
2026-04-07,2,1,9999.0,90,1,4,0,0,0,4,13,4,9.71,7.73
2026-04-08,2,1,9999.0,76,2,4,0,0,0,7,4,8,9.71,7.43
2026-04-09,2,1,9999.0,72,3,4,0,0,0,9,7,10,9.57,7.53
2026-04-10,2,1,9999.0,60,4,4,0,0,0,10,9,9,9.43,7.63
2026-04-11,2,1,9999.0,118,5,4,1,0,0,6,10,14,9.57,7.67
2026-04-12,2,1,9999.0,109,6,4,1,0,0,13,6,10,8.43,7.6
2026-04-13,2,1,9999.0,91,0,4,0,0,0,6,13,13,8.86,7.8
2026-04-14,2,1,9999.0,91,1,4,0,0,0,9,6,4,7.86,7.63
2026-04-15,2,1,8999.1,91,2,4,0,1,10,14,9,7,8.57,7.6
2026-04-16,2,1,9999.0,79,3,4,0,0,0,7,14,9,9.57,7.7
2026-04-17,2,1,9999.0,63,4,4,0,0,0,1,7,10,9.29,7.73
2026-04-18,2,1,9999.0,97,5,4,1,0,0,11,1,6,8.0,7.5
2026-04-19,2,1,9999.0,100,6,4,1,0,0,8,11,13,8.71,7.8
2026-04-20,2,1,9999.0,79,0,4,0,0,0,4,8,6,8.0,7.97
2026-04-21,2,1,9999.0,76,1,4,0,0,0,7,4,9,7.71,7.83
2026-04-22,2,1,9999.0,59,2,4,0,0,0,14,7,14,7.43,7.73
2026-04-23,2,1,9999.0,86,3,4,0,0,0,5,14,7,7.43,8.03
2026-04-24,2,1,9999.0,92,4,4,0,0,0,11,5,1,7.14,8.1
2026-04-25,2,1,9999.0,114,5,4,1,0,0,10,11,11,8.57,8.3
2026-04-26,2,1,7499.25,159,6,4,1,1,25,16,10,8,8.43,8.43
2026-04-27,2,1,8999.1,132,0,4,0,1,10,7,16,4,9.57,8.83
2026-04-28,2,1,9999.0,87,1,4,0,0,0,9,7,7,10.0,8.83
2026-04-29,2,1,8999.1,114,2,4,0,1,10,12,9,14,10.29,8.8
2026-04-30,2,1,9999.0,91,3,4,0,0,0,4,12,5,10.0,8.93
2026-05-01,2,1,9999.0,83,4,5,0,0,0,2,4,11,9.86,8.93
2026-05-02,2,1,9999.0,107,5,5,1,0,0,7,2,10,8.57,8.73
2026-05-03,2,1,8499.15,135,6,5,1,1,15,14,7,16,8.14,8.63
2026-05-04,2,1,7499.25,98,0,5,0,1,25,11,14,7,7.86,8.8
2026-05-05,2,1,9999.0,63,1,5,0,0,0,7,11,9,8.43,8.7
2026-05-06,2,1,9999.0,72,2,5,0,0,0,14,7,12,8.14,8.6
2026-05-07,2,1,9999.0,85,3,5,0,0,0,7,14,4,8.43,8.63
2026-05-08,2,1,9999.0,91,4,5,0,0,0,11,7,2,8.86,8.73
2026-05-09,2,1,9999.0,99,5,5,1,0,0,6,11,7,10.14,8.87
2026-05-10,2,1,9999.0,87,6,5,1,0,0,11,6,14,10.0,8.77
2026-05-11,2,1,9999.0,93,0,5,0,0,0,7,11,11,9.57,8.8
2026-05-12,2,1,9999.0,71,1,5,0,0,0,6,7,7,9.0,8.83
2026-05-13,2,1,9999.0,79,2,5,0,0,0,6,6,14,8.86,8.6
2026-05-14,2,1,9999.0,96,3,5,0,0,0,7,6,7,7.71,8.6
2026-05-15,2,1,9999.0,65,4,5,0,0,0,5,7,11,7.71,8.53
2026-05-16,2,1,9999.0,98,5,5,1,0,0,11,5,6,6.86,8.23
2026-05-17,2,1,9999.0,111,6,5,1,0,0,12,11,11,7.57,8.37
2026-05-18,2,1,9999.0,86,0,5,0,0,0,7,12,7,7.71,8.73
2026-05-19,2,1,9999.0,69,1,5,0,0,0,5,7,6,7.71,8.6
2026-05-20,2,1,9999.0,76,2,5,0,0,0,6,5,6,7.57,8.5
2026-05-21,2,1,9999.0,102,3,5,0,0,0,4,6,7,7.57,8.57
2026-05-22,2,1,9999.0,83,4,5,0,0,0,2,4,5,7.14,8.47
2026-05-23,2,1,8999.1,163,5,5,1,1,10,9,2,11,6.71,8.07
2026-05-24,2,1,9999.0,102,6,5,1,0,0,11,9,12,6.43,8.2
2026-05-25,2,1,9999.0,68,0,5,0,0,0,4,11,7,6.29,8.2
2026-05-26,2,1,9999.0,76,1,5,0,0,0,7,4,5,5.86,8.0
2026-05-27,2,1,7999.2,96,2,5,0,1,20,4,7,6,6.14,7.7
2026-05-28,2,1,9999.0,63,3,5,0,0,0,8,4,4,5.86,7.6
2026-05-29,2,1,9999.0,72,4,5,0,0,0,10,8,2,6.43,7.57
2026-05-30,2,1,9999.0,108,5,5,1,0,0,8,10,9,7.57,7.5
2026-05-31,2,1,9999.0,132,6,5,1,0,0,9,8,11,7.43,7.63
2026-06-01,2,1,9999.0,74,0,6,0,0,0,5,9,4,7.14,7.87
2026-06-02,2,1,9999.0,86,1,6,0,0,0,5,5,7,7.29,7.8
2026-06-03,2,1,9999.0,74,2,6,0,0,0,9,5,4,7.0,7.5
2026-06-04,2,1,9999.0,75,3,6,0,0,0,7,9,8,7.71,7.43
2026-06-05,2,1,9999.0,94,4,6,0,0,0,11,7,10,7.57,7.43
2026-06-06,2,1,9999.0,119,5,6,1,0,0,11,11,8,7.71,7.33
2026-06-07,2,1,9999.0,110,6,6,1,0,0,8,11,9,8.14,7.47
2026-06-08,2,1,9999.0,73,0,6,0,0,0,6,8,5,8.0,7.37
2026-06-09,2,1,9999.0,68,1,6,0,0,0,9,6,5,8.14,7.37
2026-06-10,2,1,9999.0,82,2,6,0,0,0,9,9,9,8.71,7.3
2026-06-11,2,1,8499.15,111,3,6,0,1,15,8,9,7,8.71,7.37
2026-06-12,2,1,9999.0,77,4,6,0,0,0,6,8,11,8.86,7.43
2026-06-13,2,1,9999.0,89,5,6,1,0,0,7,6,11,8.14,7.43
2026-06-14,2,1,9999.0,90,6,6,1,0,0,5,7,8,7.57,7.43
2026-06-15,2,1,9999.0,88,0,6,0,0,0,7,5,6,7.14,7.43
2026-06-16,2,1,9999.0,98,1,6,0,0,0,7,7,9,7.29,7.3
2026-06-17,2,1,9999.0,72,2,6,0,0,0,11,7,9,7.0,7.13
2026-06-18,2,1,9999.0,88,3,6,0,0,0,10,11,8,7.29,7.27
2026-06-19,2,1,9999.0,60,4,6,0,0,0,6,10,6,7.57,7.43
2026-06-20,2,1,9999.0,126,5,6,1,0,0,16,6,7,7.57,7.43
2026-06-21,2,1,9999.0,102,6,6,1,0,0,10,16,5,8.86,7.83
2026-06-22,2,1,9999.0,86,0,6,0,0,0,6,10,7,9.57,8.1
2026-06-23,2,1,9999.0,76,1,6,0,0,0,9,6,7,9.43,8.0
2026-06-24,2,1,9999.0,98,2,6,0,0,0,3,9,11,9.71,7.93
2026-06-25,2,1,9999.0,93,3,6,0,0,0,5,3,10,8.57,7.9
2026-06-26,2,1,9999.0,100,4,6,0,0,0,11,5,6,7.86,7.83
2026-06-27,2,1,8499.15,162,5,6,1,1,15,18,11,16,8.57,8.07
2026-06-28,2,1,9999.0,118,6,6,1,0,0,9,18,10,8.86,8.4
2026-06-29,2,1,9999.0,73,0,6,0,0,0,3,9,6,8.71,8.37
2026-06-30,2,1,9999.0,97,1,6,0,0,0,6,3,9,8.29,8.2
2026-07-01,2,1,9999.0,88,2,7,0,0,0,7,6,3,7.86,8.1
2026-07-02,2,1,9999.0,70,3,7,0,0,0,5,7,5,8.43,8.17
2026-07-03,2,1,9999.0,104,4,7,0,0,0,9,5,11,8.43,8.17
2026-07-04,2,1,9999.0,126,5,7,1,0,0,5,9,18,8.14,8.17
2026-07-05,2,1,8499.15,155,6,7,1,1,15,11,5,9,6.29,8.1
2026-07-06,2,1,9999.0,65,0,7,0,0,0,5,11,3,6.57,8.1
2026-07-07,2,1,9999.0,112,1,7,0,0,0,12,5,6,6.86,7.9
2026-07-08,2,1,9999.0,90,2,7,0,0,0,3,12,7,7.71,8.03
2026-07-09,2,1,9999.0,103,3,7,0,0,0,7,3,5,7.14,7.93
2026-07-10,2,1,9999.0,92,4,7,0,0,0,6,7,9,7.43,7.87
2026-07-11,2,1,9999.0,127,5,7,1,0,0,7,6,5,7.0,7.77
2026-07-12,2,1,9999.0,129,6,7,1,0,0,11,7,11,7.29,7.73
2026-07-13,2,1,7999.2,137,0,7,0,1,20,7,11,5,7.29,7.9
2026-07-14,2,1,9999.0,98,1,7,0,0,0,5,7,12,7.57,7.9
2026-07-15,2,1,9999.0,87,2,7,0,0,0,6,5,3,6.57,7.9
2026-07-16,2,1,8499.15,145,3,7,0,1,15,10,6,7,7.0,7.87
2026-07-17,2,1,9999.0,105,4,7,0,0,0,13,10,6,7.43,7.97
2026-07-18,2,1,9999.0,107,5,7,1,0,0,23,13,7,8.43,8.03
2026-07-19,2,1,9999.0,127,6,7,1,0,0,12,23,11,10.71,8.47
2026-07-20,2,1,9999.0,71,0,7,0,0,0,8,12,7,10.86,8.67
2026-07-21,2,1,9999.0,78,1,7,0,0,0,12,8,5,11.0,8.4
2026-07-22,2,1,9999.0,88,2,7,0,0,0,7,12,6,12.0,8.47
2026-07-23,2,1,9999.0,90,3,7,0,0,0,9,7,10,12.14,8.5
2026-07-24,2,1,9999.0,96,4,7,0,0,0,6,9,13,12.0,8.5
2026-07-25,2,1,9999.0,137,5,7,1,0,0,17,6,23,11.0,8.6
2026-07-26,2,1,9999.0,140,6,7,1,0,0,5,17,12,10.14,9.0
2026-07-27,2,1,9999.0,97,0,7,0,0,0,10,5,8,9.14,8.8
2026-07-28,2,1,9999.0,65,1,7,0,0,0,6,10,12,9.43,8.53
2026-07-29,2,1,9999.0,92,2,7,0,0,0,9,6,7,8.57,8.43
2026-07-30,2,1,9999.0,76,3,7,0,0,0,6,9,9,8.86,8.63
2026-07-31,2,1,9999.0,110,4,7,0,0,0,5,6,6,8.43,8.63
2026-08-01,2,1,9999.0,108,5,8,1,0,0,7,5,17,8.29,8.57
2026-08-02,2,1,9999.0,102,6,8,1,0,0,13,7,5,6.86,8.63
2026-08-03,2,1,9999.0,91,0,8,0,0,0,9,13,10,8.0,8.77
2026-08-04,2,1,9999.0,105,1,8,0,0,0,7,9,6,7.86,8.9
2026-08-05,2,1,9999.0,107,2,8,0,0,0,5,7,9,8.0,8.77
2026-08-06,2,1,9999.0,88,3,8,0,0,0,4,5,6,7.43,8.77
2026-08-07,2,1,9999.0,83,4,8,0,0,0,11,4,5,7.14,8.5
2026-08-08,2,1,9999.0,112,5,8,1,0,0,14,11,7,8.0,8.77
2026-08-09,2,1,9999.0,113,6,8,1,0,0,11,14,13,9.0,9.0
2026-08-10,2,1,9999.0,91,0,8,0,0,0,8,11,9,8.71,9.17
2026-08-11,2,1,9999.0,110,1,8,0,0,0,7,8,7,8.57,9.2
2026-08-12,2,1,9999.0,85,2,8,0,0,0,3,7,5,8.57,9.07
2026-08-13,2,1,9999.0,101,3,8,0,0,0,7,3,4,8.29,8.93
2026-08-14,2,1,9999.0,110,4,8,0,0,0,8,7,11,8.71,9.0
2026-08-15,2,1,9999.0,98,5,8,1,0,0,7,8,14,8.29,9.07
2026-08-16,2,1,9999.0,103,6,8,1,0,0,18,7,11,7.29,8.97
2026-08-17,2,1,9999.0,68,0,8,0,0,0,7,18,8,8.29,9.13
2026-08-18,2,1,9999.0,112,1,8,0,0,0,10,7,7,8.14,8.6
2026-08-19,2,1,8999.1,144,2,8,0,1,10,17,10,3,8.57,8.53
2026-08-20,2,1,9999.0,105,3,8,0,0,0,8,17,7,10.57,8.83
2026-08-21,2,1,8499.15,123,4,8,0,1,15,14,8,8,10.71,8.7
2026-08-22,2,1,9999.0,115,5,8,1,0,0,11,14,7,11.57,8.93
2026-08-23,2,1,9999.0,113,6,8,1,0,0,16,11,18,12.14,9.0
2026-08-24,2,1,9999.0,99,0,8,0,0,0,10,16,7,11.86,9.33
2026-08-25,2,1,9999.0,90,1,8,0,0,0,8,10,10,12.29,9.1
2026-08-26,2,1,9999.0,74,2,8,0,0,0,9,8,17,12.0,9.2
2026-08-27,2,1,9999.0,101,3,8,0,0,0,6,9,8,10.86,9.17
2026-08-28,2,1,9999.0,108,4,8,0,0,0,7,6,14,10.57,9.17
2026-08-29,2,1,9999.0,102,5,8,1,0,0,21,7,11,9.57,9.1
2026-08-30,2,1,9999.0,144,6,8,1,0,0,6,21,16,11.0,9.6
2026-08-31,2,1,9999.0,112,0,8,0,0,0,8,6,10,9.57,9.63
2026-09-01,2,1,9999.0,62,1,9,0,0,0,4,8,8,9.29,9.67
2026-09-02,2,1,9999.0,81,2,9,0,0,0,6,4,9,8.71,9.37
2026-09-03,2,1,9999.0,88,3,9,0,0,0,11,6,6,8.29,9.27
2026-09-04,2,1,9999.0,74,4,9,0,0,0,9,11,7,9.0,9.4
2026-09-05,2,1,9999.0,125,5,9,1,0,0,10,9,21,9.29,9.53
2026-09-06,2,1,9999.0,117,6,9,1,0,0,12,10,6,7.71,9.73
2026-09-07,2,1,9999.0,96,0,9,0,0,0,8,12,8,8.57,9.77
2026-09-08,2,1,9999.0,68,1,9,0,0,0,9,8,4,8.57,9.57
2026-09-09,2,1,9999.0,72,2,9,0,0,0,2,9,6,9.29,9.5
2026-09-10,2,1,9999.0,65,3,9,0,0,0,9,2,11,8.71,9.3
2026-09-11,2,1,9999.0,79,4,9,0,0,0,9,9,9,8.43,9.37
2026-09-12,2,1,9999.0,97,5,9,1,0,0,17,9,10,8.43,9.57
2026-09-13,2,1,9999.0,100,6,9,1,0,0,8,17,12,9.43,9.9
2026-09-14,2,1,9999.0,72,0,9,0,0,0,5,8,8,8.86,9.9
2026-09-15,2,1,9999.0,60,1,9,0,0,0,6,5,9,8.43,9.83
2026-09-16,2,1,9999.0,87,2,9,0,0,0,10,6,2,8.0,9.43
2026-09-17,2,1,9999.0,85,3,9,0,0,0,7,10,9,9.14,9.53
2026-09-18,2,1,9999.0,83,4,9,0,0,0,5,7,9,8.86,9.43
2026-09-19,2,1,9999.0,99,5,9,1,0,0,10,5,17,8.29,9.03
2026-09-20,2,1,9999.0,124,6,9,1,0,0,11,10,8,7.29,9.1
2026-09-21,2,1,9999.0,64,0,9,0,0,0,2,11,5,7.71,9.0
2026-09-22,2,1,9999.0,79,1,9,0,0,0,9,2,6,7.29,8.7
2026-09-23,2,1,9999.0,106,2,9,0,0,0,5,9,10,7.71,8.47
2026-09-24,2,1,9999.0,82,3,9,0,0,0,6,5,7,7.0,8.3
2026-09-25,2,1,9999.0,88,4,9,0,0,0,4,6,5,6.86,8.23
2026-09-26,2,1,9999.0,84,5,9,1,0,0,7,4,10,6.71,8.07
2025-09-26,3,2,37492.5,71,4,9,0,1,25,3,4,4,,
2025-09-27,3,2,49990.0,69,5,9,1,0,0,1,3,4,3.0,3.0
2025-09-28,3,2,49990.0,60,6,9,1,0,0,7,1,4,2.0,2.0
2025-09-29,3,2,49990.0,58,0,9,0,0,0,5,7,4,3.67,3.67
2025-09-30,3,2,49990.0,73,1,9,0,0,0,5,5,4,4.0,4.0
2025-10-01,3,2,49990.0,79,2,10,0,0,0,3,5,4,4.2,4.2
2025-10-02,3,2,49990.0,81,3,10,0,0,0,3,3,4,4.0,4.0
2025-10-03,3,2,49990.0,61,4,10,0,0,0,7,3,3,3.86,3.86
2025-10-04,3,2,39992.0,119,5,10,1,1,20,11,7,1,4.43,4.25
2025-10-05,3,2,49990.0,82,6,10,1,0,0,9,11,7,5.86,5.0
2025-10-06,3,2,49990.0,74,0,10,0,0,0,3,9,5,6.14,5.4
2025-10-07,3,2,49990.0,90,1,10,0,0,0,5,3,5,5.86,5.18
2025-10-08,3,2,49990.0,60,2,10,0,0,0,7,5,3,5.86,5.17
2025-10-09,3,2,49990.0,73,3,10,0,0,0,7,7,3,6.43,5.31
2025-10-10,3,2,49990.0,88,4,10,0,0,0,3,7,7,7.0,5.43
2025-10-11,3,2,49990.0,88,5,10,1,0,0,8,3,11,6.43,5.27
2025-10-12,3,2,49990.0,100,6,10,1,0,0,6,8,9,6.0,5.44
2025-10-13,3,2,49990.0,76,0,10,0,0,0,6,6,3,5.57,5.47
2025-10-14,3,2,49990.0,49,1,10,0,0,0,4,6,5,6.0,5.5
2025-10-15,3,2,49990.0,74,2,10,0,0,0,4,4,7,5.86,5.42
2025-10-16,3,2,49990.0,52,3,10,0,0,0,4,4,7,5.43,5.35
2025-10-17,3,2,49990.0,91,4,10,0,0,0,10,4,3,5.0,5.29
2025-10-18,3,2,49990.0,93,5,10,1,0,0,10,10,8,6.0,5.5
2025-10-19,3,2,49990.0,80,6,10,1,0,0,8,10,6,6.29,5.7
2025-10-20,3,2,49990.0,88,0,10,0,0,0,5,8,6,6.57,5.79
2025-10-21,3,2,49990.0,60,1,10,0,0,0,9,5,4,6.43,5.76
2025-10-22,3,2,49990.0,66,2,10,0,0,0,7,9,4,7.14,5.88
2025-10-23,3,2,49990.0,70,3,10,0,0,0,2,7,4,7.57,5.93
2025-10-24,3,2,49990.0,85,4,10,0,0,0,8,2,10,7.29,5.79
2025-10-25,3,2,49990.0,96,5,10,1,0,0,7,8,10,7.0,5.86
2025-10-26,3,2,49990.0,91,6,10,1,0,0,6,7,8,6.57,5.9
2025-10-27,3,2,44991.0,103,0,10,0,1,10,6,6,5,6.29,6.0
2025-10-28,3,2,49990.0,91,1,10,0,0,0,4,6,9,6.43,6.17
2025-10-29,3,2,49990.0,56,2,10,0,0,0,10,4,7,5.71,6.07
2025-10-30,3,2,49990.0,66,3,10,0,0,0,5,10,2,6.14,6.23
2025-10-31,3,2,49990.0,90,4,10,0,0,0,5,5,8,6.57,6.23
2025-11-01,3,2,44991.0,104,5,11,1,1,10,13,5,7,6.14,6.3
2025-11-02,3,2,49990.0,99,6,11,1,0,0,10,13,6,7.0,6.63
2025-11-03,3,2,49990.0,62,0,11,0,0,0,8,10,6,7.57,6.73
2025-11-04,3,2,42491.5,107,1,11,0,1,15,12,8,4,7.86,6.63
2025-11-05,3,2,49990.0,89,2,11,0,0,0,2,12,10,9.0,6.73
2025-11-06,3,2,49990.0,77,3,11,0,0,0,7,2,5,7.86,6.7
2025-11-07,3,2,44991.0,84,4,11,0,1,10,7,7,5,8.14,6.77
2025-11-08,3,2,49990.0,102,5,11,1,0,0,3,7,13,8.43,6.77
2025-11-09,3,2,49990.0,77,6,11,1,0,0,8,3,10,7.0,6.63
2025-11-10,3,2,49990.0,74,0,11,0,0,0,4,8,8,6.71,6.8
2025-11-11,3,2,49990.0,76,1,11,0,0,0,7,4,12,6.14,6.67
2025-11-12,3,2,49990.0,70,2,11,0,0,0,4,7,2,5.43,6.7
2025-11-13,3,2,49990.0,83,3,11,0,0,0,6,4,7,5.71,6.63
2025-11-14,3,2,49990.0,69,4,11,0,0,0,4,6,7,5.57,6.7
2025-11-15,3,2,37492.5,120,5,11,1,1,25,5,4,3,5.14,6.7
2025-11-16,3,2,49990.0,76,6,11,1,0,0,11,5,8,5.43,6.73
2025-11-17,3,2,49990.0,54,0,11,0,0,0,8,11,4,5.86,6.77
2025-11-18,3,2,49990.0,66,1,11,0,0,0,10,8,7,6.43,6.7
2025-11-19,3,2,49990.0,45,2,11,0,0,0,4,10,4,6.86,6.77
2025-11-20,3,2,49990.0,64,3,11,0,0,0,7,4,6,6.86,6.73
2025-11-21,3,2,49990.0,64,4,11,0,0,0,6,7,4,7.0,6.67
2025-11-22,3,2,49990.0,104,5,11,1,0,0,8,6,5,7.29,6.63
2025-11-23,3,2,37492.5,143,6,11,1,1,25,9,8,11,7.71,6.83
2025-11-24,3,2,49990.0,73,0,11,0,0,0,8,9,8,7.43,6.87
2025-11-25,3,2,49990.0,54,1,11,0,0,0,5,8,10,7.43,6.9
2025-11-26,3,2,49990.0,49,2,11,0,0,0,5,5,4,6.71,6.87
2025-11-27,3,2,49990.0,87,3,11,0,0,0,6,5,7,6.86,6.83
2025-11-28,3,2,49990.0,87,4,11,0,0,0,2,6,6,6.71,6.9
2025-11-29,3,2,49990.0,90,5,11,1,0,0,3,2,8,6.14,6.63
2025-11-30,3,2,49990.0,83,6,11,1,0,0,8,3,9,5.43,6.57
2025-12-01,3,2,49990.0,81,0,12,0,0,0,4,8,8,5.29,6.67
2025-12-02,3,2,49990.0,74,1,12,0,0,0,4,4,5,4.71,6.37
2025-12-03,3,2,49990.0,59,2,12,0,0,0,7,4,5,4.57,6.17
2025-12-04,3,2,49990.0,66,3,12,0,0,0,5,7,6,4.86,6.13
2025-12-05,3,2,49990.0,65,4,12,0,0,0,9,5,2,4.71,5.9
2025-12-06,3,2,49990.0,72,5,12,1,0,0,6,9,3,5.71,6.13
2025-12-07,3,2,49990.0,83,6,12,1,0,0,9,6,8,6.14,6.1
2025-12-08,3,2,49990.0,93,0,12,0,0,0,8,9,4,6.29,6.17
2025-12-09,3,2,49990.0,50,1,12,0,0,0,3,8,4,6.86,6.33
2025-12-10,3,2,49990.0,87,2,12,0,0,0,6,3,7,6.71,6.17
2025-12-11,3,2,49990.0,52,3,12,0,0,0,4,6,5,6.57,6.23
2025-12-12,3,2,49990.0,67,4,12,0,0,0,7,4,9,6.43,6.13
2025-12-13,3,2,49990.0,83,5,12,1,0,0,8,7,6,6.14,6.23
2025-12-14,3,2,49990.0,95,6,12,1,0,0,6,8,9,6.43,6.3
2025-12-15,3,2,49990.0,50,0,12,0,0,0,5,6,8,6.0,6.37
2025-12-16,3,2,49990.0,91,1,12,0,0,0,6,5,3,5.57,6.37
2025-12-17,3,2,49990.0,64,2,12,0,0,0,2,6,6,6.0,6.2
2025-12-18,3,2,37492.5,92,3,12,0,1,25,3,2,4,5.43,6.0
2025-12-19,3,2,49990.0,81,4,12,0,0,0,5,3,7,5.29,5.77
2025-12-20,3,2,49990.0,113,5,12,1,0,0,7,5,8,5.0,5.8
2025-12-21,3,2,49990.0,79,6,12,1,0,0,11,7,6,4.86,5.8
2025-12-22,3,2,49990.0,56,0,12,0,0,0,4,11,5,5.57,5.97
2025-12-23,3,2,49990.0,61,1,12,0,0,0,3,4,6,5.43,5.83
2025-12-24,3,2,49990.0,92,2,12,0,0,0,8,3,2,5.0,5.63
2025-12-25,3,2,49990.0,82,3,12,0,0,0,8,8,3,5.86,5.63
2025-12-26,3,2,49990.0,78,4,12,0,0,0,4,8,5,6.57,5.73
2025-12-27,3,2,49990.0,69,5,12,1,0,0,8,4,7,6.43,5.7
2025-12-28,3,2,49990.0,100,6,12,1,0,0,4,8,11,6.57,5.77
2025-12-29,3,2,49990.0,58,0,12,0,0,0,7,4,4,5.57,5.83
2025-12-30,3,2,49990.0,51,1,12,0,0,0,1,7,3,6.0,5.97
2025-12-31,3,2,44991.0,81,2,12,0,1,10,4,1,8,5.71,5.73
2026-01-01,3,2,49990.0,55,3,1,0,0,0,2,4,8,5.14,5.73
2026-01-02,3,2,49990.0,44,4,1,0,0,0,4,2,4,4.29,5.67
2026-01-03,3,2,49990.0,63,5,1,1,0,0,6,4,8,4.29,5.57
2026-01-04,3,2,49990.0,87,6,1,1,0,0,3,6,4,4.0,5.6
2026-01-05,3,2,39992.0,72,0,1,0,1,20,2,3,7,3.86,5.4
2026-01-06,3,2,49990.0,41,1,1,0,0,0,5,2,1,3.14,5.27
2026-01-07,3,2,49990.0,79,2,1,0,0,0,2,5,4,3.71,5.13
2026-01-08,3,2,49990.0,50,3,1,0,0,0,5,2,2,3.43,4.93
2026-01-09,3,2,49990.0,74,4,1,0,0,0,2,5,4,3.86,5.0
2026-01-10,3,2,49990.0,94,5,1,1,0,0,4,2,6,3.57,4.87
2026-01-11,3,2,49990.0,78,6,1,1,0,0,4,4,3,3.29,4.87
2026-01-12,3,2,49990.0,40,0,1,0,0,0,4,4,2,3.43,4.77
2026-01-13,3,2,49990.0,49,1,1,0,0,0,0,4,5,3.71,4.63
2026-01-14,3,2,49990.0,46,2,1,0,0,0,2,0,2,3.0,4.43
2026-01-15,3,2,49990.0,80,3,1,0,0,0,4,2,5,3.0,4.33
2026-01-16,3,2,49990.0,76,4,1,0,0,0,5,4,2,2.86,4.27
2026-01-17,3,2,49990.0,88,5,1,1,0,0,5,5,4,3.29,4.37
2026-01-18,3,2,49990.0,94,6,1,1,0,0,3,5,4,3.43,4.43
2026-01-19,3,2,49990.0,67,0,1,0,0,0,5,3,4,3.29,4.37
2026-01-20,3,2,49990.0,67,1,1,0,0,0,6,5,0,3.43,4.3
2026-01-21,3,2,49990.0,44,2,1,0,0,0,5,6,2,4.29,4.13
2026-01-22,3,2,42491.5,81,3,1,0,1,15,7,5,4,4.71,4.17
2026-01-23,3,2,49990.0,82,4,1,0,0,0,5,7,5,5.14,4.3
2026-01-24,3,2,49990.0,56,5,1,1,0,0,7,5,5,5.14,4.2
2026-01-25,3,2,49990.0,60,6,1,1,0,0,7,7,3,5.43,4.17
2026-01-26,3,2,49990.0,63,0,1,0,0,0,3,7,5,6.0,4.27
2026-01-27,3,2,49990.0,79,1,1,0,0,0,4,3,6,5.71,4.1
2026-01-28,3,2,49990.0,77,2,1,0,0,0,7,4,5,5.43,4.1
2026-01-29,3,2,49990.0,69,3,1,0,0,0,6,7,7,5.71,4.1
2026-01-30,3,2,44991.0,74,4,1,0,1,10,9,6,5,5.57,4.27
2026-01-31,3,2,49990.0,54,5,1,1,0,0,4,9,7,6.14,4.43
2026-02-01,3,2,49990.0,72,6,2,1,0,0,3,4,7,5.71,4.5
2026-02-02,3,2,49990.0,48,0,2,0,0,0,3,3,3,5.14,4.47
2026-02-03,3,2,49990.0,53,1,2,0,0,0,1,3,4,5.14,4.37
2026-02-04,3,2,49990.0,40,2,2,0,0,0,3,1,7,4.71,4.3
2026-02-05,3,2,49990.0,46,3,2,0,0,0,3,3,6,4.14,4.33
2026-02-06,3,2,42491.5,63,4,2,0,1,15,7,3,9,3.71,4.27
2026-02-07,3,2,49990.0,86,5,2,1,0,0,8,7,4,3.43,4.43
2026-02-08,3,2,49990.0,69,6,2,1,0,0,5,8,3,4.0,4.53
2026-02-09,3,2,49990.0,45,0,2,0,0,0,1,5,3,4.29,4.63
2026-02-10,3,2,49990.0,66,1,2,0,0,0,6,1,1,4.0,4.53
2026-02-11,3,2,49990.0,69,2,2,0,0,0,3,6,3,4.71,4.6
2026-02-12,3,2,49990.0,65,3,2,0,0,0,5,3,3,4.71,4.57
2026-02-13,3,2,49990.0,71,4,2,0,0,0,3,5,7,5.0,4.73
2026-02-14,3,2,49990.0,50,5,2,1,0,0,5,3,8,4.43,4.77
2026-02-15,3,2,49990.0,53,6,2,1,0,0,6,5,5,4.0,4.8
2026-02-16,3,2,49990.0,50,0,2,0,0,0,4,6,1,4.14,4.83
2026-02-17,3,2,44991.0,82,1,2,0,1,10,4,4,6,4.57,4.8
2026-02-18,3,2,49990.0,60,2,2,0,0,0,4,4,3,4.29,4.83
2026-02-19,3,2,49990.0,43,3,2,0,0,0,3,4,5,4.43,4.8
2026-02-20,3,2,49990.0,67,4,2,0,0,0,3,3,3,4.14,4.7
2026-02-21,3,2,42491.5,81,5,2,1,1,15,5,3,5,4.14,4.63
2026-02-22,3,2,49990.0,56,6,2,1,0,0,5,5,6,4.14,4.57
2026-02-23,3,2,49990.0,74,0,2,0,0,0,4,5,4,4.0,4.57
2026-02-24,3,2,49990.0,62,1,2,0,0,0,3,4,4,4.0,4.47
2026-02-25,3,2,49990.0,75,2,2,0,0,0,2,3,4,3.86,4.33
2026-02-26,3,2,49990.0,59,3,2,0,0,0,3,2,3,3.57,4.3
2026-02-27,3,2,49990.0,73,4,2,0,0,0,2,3,3,3.57,4.27
2026-02-28,3,2,49990.0,78,5,2,1,0,0,3,2,5,3.43,4.1
2026-03-01,3,2,49990.0,54,6,3,1,0,0,7,3,5,3.14,4.0
2026-03-02,3,2,49990.0,51,0,3,0,0,0,3,7,4,3.43,3.93
2026-03-03,3,2,49990.0,65,1,3,0,0,0,7,3,3,3.29,3.9
2026-03-04,3,2,49990.0,67,2,3,0,0,0,5,7,2,3.86,4.03
2026-03-05,3,2,49990.0,70,3,3,0,0,0,2,5,3,4.29,4.1
2026-03-06,3,2,49990.0,58,4,3,0,0,0,5,2,2,4.14,4.13
2026-03-07,3,2,49990.0,61,5,3,1,0,0,3,5,3,4.57,4.2
2026-03-08,3,2,49990.0,77,6,3,1,0,0,7,3,7,4.57,4.2
2026-03-09,3,2,49990.0,73,0,3,0,0,0,5,7,3,4.57,4.2
2026-03-10,3,2,49990.0,62,1,3,0,0,0,2,5,7,4.86,4.1
2026-03-11,3,2,49990.0,64,2,3,0,0,0,7,2,5,4.14,4.0
2026-03-12,3,2,49990.0,56,3,3,0,0,0,4,7,2,4.43,4.2
2026-03-13,3,2,49990.0,41,4,3,0,0,0,7,4,5,4.71,4.13
2026-03-14,3,2,49990.0,73,5,3,1,0,0,9,7,3,5.0,4.27
2026-03-15,3,2,49990.0,65,6,3,1,0,0,4,9,7,5.86,4.4
2026-03-16,3,2,39992.0,71,0,3,0,1,20,3,4,5,5.43,4.43
2026-03-17,3,2,49990.0,69,1,3,0,0,0,5,3,2,5.14,4.37
2026-03-18,3,2,49990.0,46,2,3,0,0,0,2,5,7,5.57,4.33
2026-03-19,3,2,49990.0,76,3,3,0,0,0,4,2,4,4.86,4.27
2026-03-20,3,2,49990.0,67,4,3,0,0,0,6,4,7,4.86,4.27
2026-03-21,3,2,49990.0,72,5,3,1,0,0,10,6,9,4.71,4.33
2026-03-22,3,2,49990.0,90,6,3,1,0,0,4,10,4,4.86,4.57
2026-03-23,3,2,49990.0,79,0,3,0,0,0,5,4,3,4.86,4.6
2026-03-24,3,2,39992.0,87,1,3,0,1,20,4,5,5,5.14,4.6
2026-03-25,3,2,49990.0,61,2,3,0,0,0,3,4,2,5.0,4.57
2026-03-26,3,2,49990.0,58,3,3,0,0,0,4,3,4,5.14,4.53
2026-03-27,3,2,49990.0,47,4,3,0,0,0,4,4,6,5.14,4.57
2026-03-28,3,2,42491.5,82,5,3,1,1,15,10,4,10,4.86,4.63
2026-03-29,3,2,49990.0,91,6,3,1,0,0,6,10,4,4.86,4.87
2026-03-30,3,2,49990.0,84,0,3,0,0,0,5,6,5,5.14,5.0
2026-03-31,3,2,49990.0,67,1,3,0,0,0,6,5,4,5.14,5.07
2026-04-01,3,2,49990.0,60,2,4,0,0,0,1,6,3,5.43,5.03
2026-04-02,3,2,49990.0,38,3,4,0,0,0,1,1,4,5.14,4.97
2026-04-03,3,2,49990.0,44,4,4,0,0,0,1,1,4,4.71,4.77
2026-04-04,3,2,49990.0,76,5,4,1,0,0,4,1,10,4.29,4.63
2026-04-05,3,2,49990.0,50,6,4,1,0,0,3,4,6,3.43,4.7
2026-04-06,3,2,49990.0,61,0,4,0,0,0,4,3,5,3.0,4.63
2026-04-07,3,2,49990.0,77,1,4,0,0,0,6,4,6,2.86,4.67
2026-04-08,3,2,49990.0,81,2,4,0,0,0,3,6,1,2.86,4.63
2026-04-09,3,2,44991.0,61,3,4,0,1,10,2,3,1,3.14,4.57
2026-04-10,3,2,49990.0,51,4,4,0,0,0,3,2,1,3.29,4.57
2026-04-11,3,2,49990.0,68,5,4,1,0,0,6,3,4,3.57,4.43
2026-04-12,3,2,49990.0,100,6,4,1,0,0,10,6,3,3.86,4.5
2026-04-13,3,2,49990.0,61,0,4,0,0,0,2,10,4,4.86,4.6
2026-04-14,3,2,39992.0,80,1,4,0,1,20,6,2,6,4.57,4.37
2026-04-15,3,2,37492.5,60,2,4,0,1,25,3,6,3,4.57,4.43
2026-04-16,3,2,49990.0,49,3,4,0,0,0,4,3,2,4.57,4.43
2026-04-17,3,2,49990.0,77,4,4,0,0,0,5,4,3,4.86,4.4
2026-04-18,3,2,49990.0,87,5,4,1,0,0,7,5,6,5.14,4.5
2026-04-19,3,2,49990.0,80,6,4,1,0,0,7,7,10,5.29,4.6
2026-04-20,3,2,49990.0,51,0,4,0,0,0,4,7,2,4.86,4.63
2026-04-21,3,2,42491.5,67,1,4,0,1,15,6,4,6,5.14,4.43
2026-04-22,3,2,49990.0,79,2,4,0,0,0,3,6,3,5.14,4.5
2026-04-23,3,2,39992.0,80,3,4,0,1,20,3,3,4,5.14,4.43
2026-04-24,3,2,49990.0,38,4,4,0,0,0,3,3,5,5.0,4.4
2026-04-25,3,2,49990.0,75,5,4,1,0,0,6,3,7,4.71,4.4
2026-04-26,3,2,37492.5,109,6,4,1,1,25,7,6,7,4.57,4.47
2026-04-27,3,2,49990.0,71,0,4,0,0,0,4,7,4,4.57,4.57
2026-04-28,3,2,49990.0,60,1,4,0,0,0,4,4,6,4.57,4.37
2026-04-29,3,2,37492.5,70,2,4,0,1,25,5,4,3,4.29,4.3
2026-04-30,3,2,44991.0,83,3,4,0,1,10,2,5,3,4.57,4.3
2026-05-01,3,2,49990.0,46,4,5,0,0,0,4,2,3,4.43,4.17
2026-05-02,3,2,49990.0,61,5,5,1,0,0,6,4,6,4.57,4.27
2026-05-03,3,2,49990.0,65,6,5,1,0,0,5,6,7,4.57,4.43
2026-05-04,3,2,49990.0,74,0,5,0,0,0,4,5,4,4.29,4.57
2026-05-05,3,2,49990.0,77,1,5,0,0,0,6,4,4,4.29,4.57
2026-05-06,3,2,49990.0,43,2,5,0,0,0,3,6,5,4.57,4.67
2026-05-07,3,2,49990.0,69,3,5,0,0,0,5,3,2,4.29,4.63
2026-05-08,3,2,49990.0,41,4,5,0,0,0,2,5,4,4.71,4.6
2026-05-09,3,2,49990.0,77,5,5,1,0,0,8,2,6,4.43,4.57
2026-05-10,3,2,49990.0,74,6,5,1,0,0,5,8,5,4.71,4.77
2026-05-11,3,2,49990.0,75,0,5,0,0,0,2,5,4,4.71,4.83
2026-05-12,3,2,49990.0,47,1,5,0,0,0,4,2,6,4.43,4.7
2026-05-13,3,2,42491.5,67,2,5,0,1,15,7,4,3,4.14,4.5
2026-05-14,3,2,49990.0,45,3,5,0,0,0,7,7,5,4.71,4.67
2026-05-15,3,2,49990.0,53,4,5,0,0,0,4,7,2,5.0,4.7
2026-05-16,3,2,49990.0,68,5,5,1,0,0,6,4,8,5.29,4.73
2026-05-17,3,2,49990.0,71,6,5,1,0,0,4,6,5,5.0,4.8
2026-05-18,3,2,49990.0,42,0,5,0,0,0,2,4,2,4.86,4.77
2026-05-19,3,2,49990.0,49,1,5,0,0,0,7,2,4,4.86,4.6
2026-05-20,3,2,49990.0,72,2,5,0,0,0,4,7,7,5.29,4.6
2026-05-21,3,2,49990.0,37,3,5,0,0,0,1,4,7,4.86,4.6
2026-05-22,3,2,49990.0,68,4,5,0,0,0,6,1,4,4.0,4.43
2026-05-23,3,2,49990.0,50,5,5,1,0,0,10,6,6,4.29,4.53
2026-05-24,3,2,49990.0,50,6,5,1,0,0,6,10,4,4.86,4.77
2026-05-25,3,2,49990.0,65,0,5,0,0,0,8,6,2,5.14,4.87
2026-05-26,3,2,44991.0,76,1,5,0,1,10,7,8,7,6.0,4.93
2026-05-27,3,2,44991.0,83,2,5,0,1,10,6,7,4,6.0,4.93
2026-05-28,3,2,49990.0,73,3,5,0,0,0,5,6,1,6.29,5.0
2026-05-29,3,2,49990.0,48,4,5,0,0,0,3,5,6,6.86,5.03
2026-05-30,3,2,49990.0,76,5,5,1,0,0,3,3,10,6.43,4.97
2026-05-31,3,2,39992.0,89,6,5,1,1,20,8,3,6,5.43,5.0
2026-06-01,3,2,49990.0,64,0,6,0,0,0,4,8,8,5.71,5.13
2026-06-02,3,2,49990.0,50,1,6,0,0,0,6,4,7,5.14,5.07
2026-06-03,3,2,49990.0,63,2,6,0,0,0,0,6,6,5.0,5.1
2026-06-04,3,2,49990.0,48,3,6,0,0,0,3,0,5,4.14,4.97
2026-06-05,3,2,49990.0,65,4,6,0,0,0,5,3,3,3.86,4.87
2026-06-06,3,2,49990.0,76,5,6,1,0,0,6,5,3,4.14,4.93
2026-06-07,3,2,39992.0,89,6,6,1,1,20,5,6,8,4.57,4.97
2026-06-08,3,2,49990.0,41,0,6,0,0,0,4,5,4,4.14,5.07
2026-06-09,3,2,49990.0,57,1,6,0,0,0,5,4,6,4.14,4.93
2026-06-10,3,2,49990.0,64,2,6,0,0,0,3,5,0,4.0,4.93
2026-06-11,3,2,49990.0,72,3,6,0,0,0,1,3,3,4.43,4.97
2026-06-12,3,2,49990.0,48,4,6,0,0,0,2,1,5,4.14,4.87
2026-06-13,3,2,49990.0,92,5,6,1,0,0,7,2,6,3.71,4.7
2026-06-14,3,2,39992.0,116,6,6,1,1,20,9,7,5,3.86,4.7
2026-06-15,3,2,39992.0,83,0,6,0,1,20,6,9,4,4.43,4.87
2026-06-16,3,2,49990.0,63,1,6,0,0,0,4,6,5,4.71,4.87
2026-06-17,3,2,49990.0,40,2,6,0,0,0,1,4,3,4.57,4.87
2026-06-18,3,2,49990.0,46,3,6,0,0,0,3,1,1,4.29,4.83
2026-06-19,3,2,49990.0,47,4,6,0,0,0,3,3,2,4.57,4.7
2026-06-20,3,2,49990.0,75,5,6,1,0,0,5,3,7,4.71,4.67
2026-06-21,3,2,49990.0,66,6,6,1,0,0,5,5,9,4.43,4.8
2026-06-22,3,2,49990.0,61,0,6,0,0,0,4,5,6,3.86,4.77
2026-06-23,3,2,39992.0,58,1,6,0,1,20,7,4,4,3.57,4.57
2026-06-24,3,2,39992.0,71,2,6,0,1,20,10,7,1,4.0,4.6
2026-06-25,3,2,49990.0,48,3,6,0,0,0,4,10,3,5.29,4.67
2026-06-26,3,2,49990.0,71,4,6,0,0,0,7,4,3,5.43,4.57
2026-06-27,3,2,49990.0,70,5,6,1,0,0,6,7,5,6.0,4.6
2026-06-28,3,2,42491.5,96,6,6,1,1,15,8,6,5,6.14,4.63
2026-06-29,3,2,49990.0,41,0,6,0,0,0,4,8,4,6.57,4.8
2026-06-30,3,2,49990.0,74,1,6,0,0,0,4,4,7,6.57,4.83
2026-07-01,3,2,49990.0,43,2,7,0,0,0,7,4,10,6.14,4.7
2026-07-02,3,2,49990.0,48,3,7,0,0,0,2,7,4,5.71,4.8
2026-07-03,3,2,42491.5,66,4,7,0,1,15,11,2,7,5.43,4.67
2026-07-04,3,2,49990.0,70,5,7,1,0,0,2,11,6,6.0,5.03
2026-07-05,3,2,49990.0,75,6,7,1,0,0,4,2,8,5.43,5.0
2026-07-06,3,2,49990.0,73,0,7,0,0,0,3,4,4,4.86,4.97
2026-07-07,3,2,49990.0,57,1,7,0,0,0,4,3,4,4.71,4.87
2026-07-08,3,2,49990.0,55,2,7,0,0,0,7,4,7,4.71,4.83
2026-07-09,3,2,49990.0,76,3,7,0,0,0,1,7,2,4.71,4.93
2026-07-10,3,2,49990.0,48,4,7,0,0,0,0,1,11,4.57,4.8
2026-07-11,3,2,49990.0,66,5,7,1,0,0,6,0,2,3.0,4.7
2026-07-12,3,2,49990.0,93,6,7,1,0,0,3,6,4,3.57,4.87
2026-07-13,3,2,49990.0,80,0,7,0,0,0,3,3,3,3.43,4.9
2026-07-14,3,2,44991.0,59,1,7,0,1,10,6,3,4,3.43,4.77
2026-07-15,3,2,49990.0,57,2,7,0,0,0,4,6,7,3.71,4.67
2026-07-16,3,2,49990.0,59,3,7,0,0,0,6,4,1,3.29,4.6
2026-07-17,3,2,49990.0,48,4,7,0,0,0,5,6,0,4.0,4.67
2026-07-18,3,2,49990.0,87,5,7,1,0,0,8,5,6,4.71,4.8
2026-07-19,3,2,49990.0,75,6,7,1,0,0,9,8,3,5.0,4.97
2026-07-20,3,2,49990.0,82,0,7,0,0,0,3,9,3,5.86,5.17
2026-07-21,3,2,37492.5,73,1,7,0,1,25,12,3,6,5.86,5.1
2026-07-22,3,2,37492.5,103,2,7,0,1,25,6,12,4,6.71,5.33
2026-07-23,3,2,49990.0,62,3,7,0,0,0,5,6,6,7.0,5.4
2026-07-24,3,2,49990.0,85,4,7,0,0,0,6,5,5,6.86,5.33
2026-07-25,3,2,49990.0,73,5,7,1,0,0,9,6,8,7.0,5.2
2026-07-26,3,2,49990.0,64,6,7,1,0,0,5,9,9,7.14,5.37
2026-07-27,3,2,42491.5,59,0,7,0,1,15,4,5,3,6.57,5.3
2026-07-28,3,2,49990.0,81,1,7,0,0,0,8,4,12,6.71,5.23
2026-07-29,3,2,49990.0,48,2,7,0,0,0,7,8,6,6.14,5.23
2026-07-30,3,2,49990.0,82,3,7,0,0,0,6,7,5,6.29,5.33
2026-07-31,3,2,49990.0,52,4,7,0,0,0,4,6,6,6.43,5.4
2026-08-01,3,2,49990.0,84,5,8,1,0,0,7,4,9,6.14,5.3
2026-08-02,3,2,37492.5,110,6,8,1,1,25,7,7,5,5.86,5.47
2026-08-03,3,2,49990.0,57,0,8,0,0,0,7,7,4,6.14,5.33
2026-08-04,3,2,49990.0,50,1,8,0,0,0,3,7,8,6.57,5.5
2026-08-05,3,2,49990.0,61,2,8,0,0,0,1,3,7,5.86,5.47
2026-08-06,3,2,49990.0,79,3,8,0,0,0,7,1,6,5.0,5.4
2026-08-07,3,2,49990.0,85,4,8,0,0,0,10,7,4,5.14,5.5
2026-08-08,3,2,49990.0,83,5,8,1,0,0,8,10,7,6.0,5.6
2026-08-09,3,2,44991.0,112,6,8,1,1,10,12,8,7,6.14,5.83
2026-08-10,3,2,49990.0,46,0,8,0,0,0,4,12,7,6.86,6.23
2026-08-11,3,2,49990.0,58,1,8,0,0,0,3,4,3,6.43,6.17
2026-08-12,3,2,39992.0,78,2,8,0,1,20,3,3,1,6.43,6.17
2026-08-13,3,2,49990.0,65,3,8,0,0,0,3,3,7,6.71,6.17
2026-08-14,3,2,49990.0,66,4,8,0,0,0,4,3,10,6.14,6.07
2026-08-15,3,2,49990.0,76,5,8,1,0,0,7,4,8,5.29,6.07
2026-08-16,3,2,49990.0,97,6,8,1,0,0,4,7,12,5.14,6.1
2026-08-17,3,2,44991.0,105,0,8,0,1,10,7,4,4,4.0,6.07
2026-08-18,3,2,49990.0,71,1,8,0,0,0,3,7,3,4.43,6.03
2026-08-19,3,2,49990.0,61,2,8,0,0,0,2,3,3,4.43,5.83
2026-08-20,3,2,49990.0,42,3,8,0,0,0,7,2,3,4.29,5.8
2026-08-21,3,2,49990.0,54,4,8,0,0,0,4,7,4,4.86,5.63
2026-08-22,3,2,49990.0,101,5,8,1,0,0,7,4,7,4.86,5.57
2026-08-23,3,2,49990.0,80,6,8,1,0,0,7,7,4,4.86,5.63
2026-08-24,3,2,49990.0,61,0,8,0,0,0,5,7,7,5.29,5.67
2026-08-25,3,2,37492.5,72,1,8,0,1,25,5,5,3,5.0,5.53
2026-08-26,3,2,49990.0,48,2,8,0,0,0,2,5,2,5.29,5.53
2026-08-27,3,2,49990.0,50,3,8,0,0,0,3,2,7,5.29,5.47
2026-08-28,3,2,49990.0,47,4,8,0,0,0,9,3,4,4.71,5.3
2026-08-29,3,2,49990.0,93,5,8,1,0,0,11,9,7,5.43,5.37
2026-08-30,3,2,49990.0,66,6,8,1,0,0,5,11,7,6.0,5.53
2026-08-31,3,2,49990.0,50,0,8,0,0,0,3,5,5,5.71,5.57
2026-09-01,3,2,49990.0,78,1,9,0,0,0,11,3,5,5.43,5.43
2026-09-02,3,2,49990.0,60,2,9,0,0,0,5,11,2,6.29,5.57
2026-09-03,3,2,42491.5,95,3,9,0,1,15,5,5,3,6.71,5.5
2026-09-04,3,2,49990.0,72,4,9,0,0,0,2,5,9,7.0,5.57
2026-09-05,3,2,49990.0,77,5,9,1,0,0,6,2,11,6.0,5.6
2026-09-06,3,2,49990.0,88,6,9,1,0,0,8,6,5,5.29,5.57
2026-09-07,3,2,49990.0,60,0,9,0,0,0,5,8,3,5.71,5.5
2026-09-08,3,2,49990.0,61,1,9,0,0,0,7,5,11,6.0,5.4
2026-09-09,3,2,49990.0,77,2,9,0,0,0,2,7,5,5.43,5.23
2026-09-10,3,2,49990.0,48,3,9,0,0,0,5,2,5,5.0,5.17
2026-09-11,3,2,49990.0,55,4,9,0,0,0,9,5,2,5.0,5.23
2026-09-12,3,2,49990.0,59,5,9,1,0,0,5,9,6,6.0,5.43
2026-09-13,3,2,49990.0,62,6,9,1,0,0,6,5,8,5.86,5.5
2026-09-14,3,2,49990.0,76,0,9,0,0,0,6,6,5,5.57,5.57
2026-09-15,3,2,49990.0,35,1,9,0,0,0,4,6,7,5.71,5.53
2026-09-16,3,2,49990.0,64,2,9,0,0,0,3,4,2,5.29,5.53
2026-09-17,3,2,49990.0,53,3,9,0,0,0,1,3,5,5.43,5.4
2026-09-18,3,2,49990.0,49,4,9,0,0,0,5,1,9,4.86,5.33
2026-09-19,3,2,49990.0,59,5,9,1,0,0,4,5,5,4.29,5.43
2026-09-20,3,2,49990.0,77,6,9,1,0,0,5,4,6,4.14,5.33
2026-09-21,3,2,49990.0,72,0,9,0,0,0,5,5,6,4.0,5.37
2026-09-22,3,2,49990.0,62,1,9,0,0,0,5,5,4,3.86,5.3
2026-09-23,3,2,49990.0,69,2,9,0,0,0,6,5,3,4.0,5.23
2026-09-24,3,2,49990.0,51,3,9,0,0,0,7,6,1,4.43,5.27
2026-09-25,3,2,49990.0,56,4,9,0,0,0,5,7,5,5.29,5.33
2026-09-26,3,2,49990.0,66,5,9,1,0,0,5,5,4,5.29,5.43
2025-09-26,4,2,8999.0,59,4,9,0,0,0,12,7,7,,
2025-09-27,4,2,6749.25,163,5,9,1,1,25,14,12,7,12.0,12.0
2025-09-28,4,2,8999.0,110,6,9,1,0,0,18,14,7,13.0,13.0
2025-09-29,4,2,8999.0,72,0,9,0,0,0,11,18,7,14.67,14.67
2025-09-30,4,2,8999.0,110,1,9,0,0,0,8,11,7,13.75,13.75
2025-10-01,4,2,8999.0,96,2,10,0,0,0,8,8,7,12.6,12.6
2025-10-02,4,2,6749.25,123,3,10,0,1,25,11,8,7,11.83,11.83
2025-10-03,4,2,8999.0,83,4,10,0,0,0,8,11,12,11.71,11.71
2025-10-04,4,2,7199.2,196,5,10,1,1,20,13,8,14,11.14,11.25
2025-10-05,4,2,8099.1,164,6,10,1,1,10,16,13,18,11.0,11.44
2025-10-06,4,2,8999.0,92,0,10,0,0,0,13,16,11,10.71,11.9
2025-10-07,4,2,8999.0,115,1,10,0,0,0,6,13,8,11.0,12.0
2025-10-08,4,2,8999.0,93,2,10,0,0,0,13,6,8,10.71,11.5
2025-10-09,4,2,8999.0,131,3,10,0,0,0,9,13,11,11.43,11.62
2025-10-10,4,2,8999.0,112,4,10,0,0,0,10,9,8,11.14,11.43
2025-10-11,4,2,8999.0,130,5,10,1,0,0,16,10,13,11.43,11.33
2025-10-12,4,2,8999.0,120,6,10,1,0,0,17,16,16,11.86,11.62
2025-10-13,4,2,8999.0,102,0,10,0,0,0,6,17,13,12.0,11.94
2025-10-14,4,2,8999.0,116,1,10,0,0,0,19,6,6,11.0,11.61
2025-10-15,4,2,8999.0,94,2,10,0,0,0,13,19,13,12.86,12.0
2025-10-16,4,2,8999.0,94,3,10,0,0,0,15,13,9,12.86,12.05
2025-10-17,4,2,8999.0,86,4,10,0,0,0,13,15,10,13.71,12.19
2025-10-18,4,2,8099.1,213,5,10,1,1,10,20,13,16,14.14,12.23
2025-10-19,4,2,8999.0,130,6,10,1,0,0,15,20,17,14.71,12.57
2025-10-20,4,2,8999.0,108,0,10,0,0,0,9,15,6,14.43,12.67
2025-10-21,4,2,8999.0,86,1,10,0,0,0,10,9,19,14.86,12.52
2025-10-22,4,2,7649.15,144,2,10,0,1,15,15,10,13,13.57,12.42
2025-10-23,4,2,6749.25,149,3,10,0,1,25,20,15,15,13.86,12.52
2025-10-24,4,2,8999.0,104,4,10,0,0,0,9,20,13,14.57,12.79
2025-10-25,4,2,8999.0,137,5,10,1,0,0,14,9,20,14.0,12.66
2025-10-26,4,2,8999.0,137,6,10,1,0,0,12,14,15,13.14,12.7
2025-10-27,4,2,8999.0,93,0,10,0,0,0,4,12,9,12.71,12.7
2025-10-28,4,2,8999.0,106,1,10,0,0,0,12,4,10,12.0,12.37
2025-10-29,4,2,8999.0,86,2,10,0,0,0,10,12,15,12.29,12.17
2025-10-30,4,2,8999.0,105,3,10,0,0,0,9,10,20,11.57,12.13
2025-10-31,4,2,8999.0,104,4,10,0,0,0,9,9,9,10.0,12.17
2025-11-01,4,2,7199.2,194,5,11,1,1,20,19,9,14,10.0,12.2
2025-11-02,4,2,8099.1,214,6,11,1,1,10,27,19,12,10.71,12.47
2025-11-03,4,2,8999.0,90,0,11,0,0,0,4,27,4,12.86,13.1
2025-11-04,4,2,8999.0,104,1,11,0,0,0,10,4,12,12.86,12.8
2025-11-05,4,2,8999.0,80,2,11,0,0,0,6,10,10,12.57,12.6
2025-11-06,4,2,8999.0,122,3,11,0,0,0,9,6,9,12.0,12.37
2025-11-07,4,2,8999.0,92,4,11,0,0,0,10,9,9,12.0,12.47
2025-11-08,4,2,8999.0,122,5,11,1,0,0,13,10,19,12.14,12.37
2025-11-09,4,2,8999.0,152,6,11,1,0,0,7,13,27,11.29,12.5
2025-11-10,4,2,7649.15,166,0,11,0,1,15,13,7,4,8.43,12.4
2025-11-11,4,2,8999.0,117,1,11,0,0,0,9,13,10,9.71,12.3
2025-11-12,4,2,8999.0,84,2,11,0,0,0,12,9,6,9.57,12.03
2025-11-13,4,2,8999.0,91,3,11,0,0,0,9,12,9,10.43,12.23
2025-11-14,4,2,8999.0,108,4,11,0,0,0,10,9,10,10.43,11.9
2025-11-15,4,2,8999.0,115,5,11,1,0,0,10,10,13,10.43,11.8
2025-11-16,4,2,8999.0,147,6,11,1,0,0,14,10,7,10.0,11.63
2025-11-17,4,2,6749.25,149,0,11,0,1,25,17,14,13,11.0,11.67
2025-11-18,4,2,8999.0,92,1,11,0,0,0,12,17,9,11.57,11.57
2025-11-19,4,2,8999.0,106,2,11,0,0,0,17,12,12,12.0,11.47
2025-11-20,4,2,8999.0,83,3,11,0,0,0,8,17,9,12.71,11.73
2025-11-21,4,2,8999.0,125,4,11,0,0,0,10,8,10,12.57,11.67
2025-11-22,4,2,8999.0,143,5,11,1,0,0,10,10,10,12.57,11.5
2025-11-23,4,2,8999.0,137,6,11,1,0,0,16,10,14,12.57,11.17
2025-11-24,4,2,8999.0,132,0,11,0,0,0,9,16,17,12.86,11.4
2025-11-25,4,2,6749.25,134,1,11,0,1,25,12,9,12,11.71,11.23
2025-11-26,4,2,8999.0,78,2,11,0,0,0,6,12,17,11.71,11.23
2025-11-27,4,2,7199.2,113,3,11,0,1,20,18,6,8,10.14,11.3
2025-11-28,4,2,8999.0,99,4,11,0,0,0,12,18,10,11.57,11.5
2025-11-29,4,2,8999.0,149,5,11,1,0,0,18,12,10,11.86,11.57
2025-11-30,4,2,8999.0,120,6,11,1,0,0,9,18,16,13.0,11.87
2025-12-01,4,2,8999.0,113,0,12,0,0,0,10,9,9,12.0,11.87
2025-12-02,4,2,8999.0,84,1,12,0,0,0,8,10,12,12.14,11.57
2025-12-03,4,2,8999.0,92,2,12,0,0,0,14,8,6,11.57,10.93
2025-12-04,4,2,8099.1,119,3,12,0,1,10,10,14,18,12.71,11.27
2025-12-05,4,2,8999.0,90,4,12,0,0,0,9,10,12,11.57,11.27
2025-12-06,4,2,8999.0,155,5,12,1,0,0,14,9,18,11.14,11.37
2025-12-07,4,2,8999.0,141,6,12,1,0,0,5,14,9,10.57,11.53
2025-12-08,4,2,8999.0,87,0,12,0,0,0,4,5,10,10.0,11.37
2025-12-09,4,2,8999.0,106,1,12,0,0,0,10,4,8,9.14,11.07
2025-12-10,4,2,8999.0,91,2,12,0,0,0,11,10,14,9.43,11.17
2025-12-11,4,2,8999.0,94,3,12,0,0,0,14,11,10,9.0,11.1
2025-12-12,4,2,8999.0,92,4,12,0,0,0,8,14,9,9.57,11.27
2025-12-13,4,2,8999.0,127,5,12,1,0,0,16,8,14,9.43,11.13
2025-12-14,4,2,8999.0,116,6,12,1,0,0,16,16,5,9.71,11.37
2025-12-15,4,2,8999.0,130,0,12,0,0,0,14,16,4,11.29,11.57
2025-12-16,4,2,8999.0,93,1,12,0,0,0,9,14,10,12.71,11.7
2025-12-17,4,2,8999.0,88,2,12,0,0,0,5,9,11,12.57,11.53
2025-12-18,4,2,8999.0,88,3,12,0,0,0,11,5,14,11.71,11.13
2025-12-19,4,2,7199.2,129,4,12,0,1,20,9,11,8,11.29,11.1
2025-12-20,4,2,8999.0,152,5,12,1,0,0,11,9,16,11.43,10.83
2025-12-21,4,2,8999.0,143,6,12,1,0,0,12,11,16,10.71,10.93
2025-12-22,4,2,8999.0,87,0,12,0,0,0,2,12,14,10.14,11.0
2025-12-23,4,2,8999.0,87,1,12,0,0,0,4,2,9,8.43,10.73
2025-12-24,4,2,8999.0,110,2,12,0,0,0,6,4,5,7.71,10.33
2025-12-25,4,2,8999.0,102,3,12,0,0,0,6,6,11,7.86,10.23
2025-12-26,4,2,8999.0,89,4,12,0,0,0,7,6,9,7.14,10.03
2025-12-27,4,2,8999.0,138,5,12,1,0,0,11,7,11,6.86,10.07
2025-12-28,4,2,8999.0,140,6,12,1,0,0,13,11,12,6.86,9.83
2025-12-29,4,2,8999.0,114,0,12,0,0,0,10,13,2,7.0,9.87
2025-12-30,4,2,8999.0,123,1,12,0,0,0,9,10,4,8.14,9.6
2025-12-31,4,2,8999.0,94,2,12,0,0,0,13,9,6,8.86,9.6
2026-01-01,4,2,8999.0,92,3,1,0,0,0,5,13,6,9.86,9.7
2026-01-02,4,2,8999.0,95,4,1,0,0,0,8,5,7,9.71,9.6
2026-01-03,4,2,8999.0,109,5,1,1,0,0,11,8,11,9.86,9.4
2026-01-04,4,2,8999.0,92,6,1,1,0,0,7,11,13,9.86,9.43
2026-01-05,4,2,8999.0,75,0,1,0,0,0,3,7,10,9.0,9.37
2026-01-06,4,2,8999.0,94,1,1,0,0,0,7,3,9,8.0,9.0
2026-01-07,4,2,8999.0,71,2,1,0,0,0,6,7,13,7.71,9.07
2026-01-08,4,2,8999.0,93,3,1,0,0,0,8,6,5,6.71,9.13
2026-01-09,4,2,8999.0,65,4,1,0,0,0,13,8,8,7.14,9.07
2026-01-10,4,2,8999.0,96,5,1,1,0,0,8,13,11,7.86,9.13
2026-01-11,4,2,8999.0,119,6,1,1,0,0,10,8,7,7.43,8.93
2026-01-12,4,2,8999.0,77,0,1,0,0,0,6,10,3,7.86,9.0
2026-01-13,4,2,8999.0,78,1,1,0,0,0,4,6,7,8.29,8.67
2026-01-14,4,2,8999.0,74,2,1,0,0,0,5,4,6,7.86,8.27
2026-01-15,4,2,8099.1,129,3,1,0,1,10,10,5,8,7.71,7.97
2026-01-16,4,2,8999.0,64,4,1,0,0,0,6,10,13,8.0,8.0
2026-01-17,4,2,8999.0,113,5,1,1,0,0,16,6,8,7.0,8.03
2026-01-18,4,2,8999.0,108,6,1,1,0,0,7,16,10,8.14,8.2
2026-01-19,4,2,8999.0,78,0,1,0,0,0,11,7,6,7.71,8.13
2026-01-20,4,2,8999.0,74,1,1,0,0,0,5,11,4,8.43,8.13
2026-01-21,4,2,8999.0,89,2,1,0,0,0,10,5,5,8.57,7.9
2026-01-22,4,2,8999.0,80,3,1,0,0,0,4,10,10,9.29,8.17
2026-01-23,4,2,8999.0,101,4,1,0,0,0,7,4,6,8.43,8.17
2026-01-24,4,2,8999.0,110,5,1,1,0,0,13,7,16,8.57,8.2
2026-01-25,4,2,8999.0,122,6,1,1,0,0,10,13,7,8.14,8.43
2026-01-26,4,2,8099.1,110,0,1,0,1,10,13,10,11,8.57,8.53
2026-01-27,4,2,8999.0,89,1,1,0,0,0,6,13,5,8.86,8.6
2026-01-28,4,2,8999.0,67,2,1,0,0,0,9,6,10,9.0,8.37
2026-01-29,4,2,8999.0,101,3,1,0,0,0,3,9,4,8.86,8.33
2026-01-30,4,2,7649.15,121,4,1,0,1,15,19,3,7,8.71,8.13
2026-01-31,4,2,8099.1,124,5,1,1,1,10,9,19,13,10.43,8.33
2026-02-01,4,2,8999.0,92,6,2,1,0,0,5,9,10,9.86,8.47
2026-02-02,4,2,8999.0,106,0,2,0,0,0,6,5,13,9.14,8.37
2026-02-03,4,2,8999.0,79,1,2,0,0,0,5,6,6,8.14,8.2
2026-02-04,4,2,8999.0,78,2,2,0,0,0,2,5,9,8.0,8.13
2026-02-05,4,2,8999.0,79,3,2,0,0,0,6,2,3,7.0,8.1
2026-02-06,4,2,8999.0,81,4,2,0,0,0,9,6,19,7.43,8.07
2026-02-07,4,2,8999.0,101,5,2,1,0,0,16,9,9,6.0,8.17
2026-02-08,4,2,8999.0,96,6,2,1,0,0,10,16,5,7.0,8.43
2026-02-09,4,2,8999.0,101,0,2,0,0,0,7,10,6,7.71,8.33
2026-02-10,4,2,8999.0,93,1,2,0,0,0,7,7,5,7.86,8.3
2026-02-11,4,2,8099.1,91,2,2,0,1,10,11,7,2,8.14,8.2
2026-02-12,4,2,7649.15,104,3,2,0,1,15,8,11,6,9.43,8.37
2026-02-13,4,2,8999.0,92,4,2,0,0,0,8,8,9,9.71,8.5
2026-02-14,4,2,8999.0,117,5,2,1,0,0,9,8,16,9.57,8.6
2026-02-15,4,2,8999.0,122,6,2,1,0,0,12,9,10,8.57,8.57
2026-02-16,4,2,8999.0,58,0,2,0,0,0,5,12,7,8.86,8.77
2026-02-17,4,2,7199.2,110,1,2,0,1,20,16,5,7,8.57,8.4
2026-02-18,4,2,8999.0,95,2,2,0,0,0,12,16,11,9.86,8.7
2026-02-19,4,2,8999.0,101,3,2,0,0,0,6,12,8,10.0,8.73
2026-02-20,4,2,8999.0,96,4,2,0,0,0,9,6,8,9.71,8.77
2026-02-21,4,2,8999.0,122,5,2,1,0,0,13,9,9,9.86,8.73
2026-02-22,4,2,8999.0,87,6,2,1,0,0,17,13,12,10.43,9.03
2026-02-23,4,2,6749.25,97,0,2,0,1,25,3,17,5,11.14,9.37
2026-02-24,4,2,8999.0,66,1,2,0,0,0,7,3,16,10.86,9.03
2026-02-25,4,2,7649.15,124,2,2,0,1,15,10,7,12,9.57,8.93
2026-02-26,4,2,8999.0,80,3,2,0,0,0,9,10,6,9.29,8.83
2026-02-27,4,2,8999.0,69,4,2,0,0,0,6,9,9,9.71,8.93
2026-02-28,4,2,7199.2,151,5,2,1,1,20,23,6,13,9.29,8.83
2026-03-01,4,2,8999.0,120,6,3,1,0,0,12,23,17,10.71,9.5
2026-03-02,4,2,8999.0,105,0,3,0,0,0,3,12,3,10.0,9.27
2026-03-03,4,2,8999.0,72,1,3,0,0,0,7,3,7,10.0,9.07
2026-03-04,4,2,7199.2,90,2,3,0,1,20,13,7,10,10.0,9.13
2026-03-05,4,2,8099.1,130,3,3,0,1,10,13,13,9,10.43,9.37
2026-03-06,4,2,8999.0,105,4,3,0,0,0,9,13,6,11.0,9.63
2026-03-07,4,2,8999.0,105,5,3,1,0,0,8,9,23,11.43,9.87
2026-03-08,4,2,8999.0,125,6,3,1,0,0,9,8,12,9.29,9.93
2026-03-09,4,2,8999.0,82,0,3,0,0,0,4,9,3,8.86,9.93
2026-03-10,4,2,8999.0,95,1,3,0,0,0,9,4,7,9.0,9.53
2026-03-11,4,2,8099.1,119,2,3,0,1,10,9,9,13,9.29,9.5
2026-03-12,4,2,8999.0,67,3,3,0,0,0,2,9,13,8.71,9.57
2026-03-13,4,2,8999.0,111,4,3,0,0,0,6,2,9,7.14,9.4
2026-03-14,4,2,8999.0,134,5,3,1,0,0,10,6,8,6.71,9.23
2026-03-15,4,2,8999.0,103,6,3,1,0,0,8,10,9,7.0,9.3
2026-03-16,4,2,8999.0,60,0,3,0,0,0,5,8,4,6.86,9.3
2026-03-17,4,2,8999.0,83,1,3,0,0,0,9,5,9,7.0,9.17
2026-03-18,4,2,7199.2,108,2,3,0,1,20,8,9,9,7.0,9.07
2026-03-19,4,2,8999.0,63,3,3,0,0,0,11,8,2,6.86,9.17
2026-03-20,4,2,8999.0,78,4,3,0,0,0,10,11,6,8.14,9.0
2026-03-21,4,2,8999.0,101,5,3,1,0,0,11,10,10,8.71,8.93
2026-03-22,4,2,8999.0,111,6,3,1,0,0,11,11,8,8.86,9.1
2026-03-23,4,2,8999.0,68,0,3,0,0,0,7,11,5,9.29,9.17
2026-03-24,4,2,8999.0,69,1,3,0,0,0,4,7,9,9.57,8.97
2026-03-25,4,2,8999.0,82,2,3,0,0,0,5,4,8,8.86,8.53
2026-03-26,4,2,6749.25,94,3,3,0,1,25,5,5,11,8.43,8.6
2026-03-27,4,2,7649.15,115,4,3,0,1,15,11,5,10,7.57,8.53
2026-03-28,4,2,7649.15,125,5,3,1,1,15,10,11,11,7.71,8.57
2026-03-29,4,2,8999.0,101,6,3,1,0,0,11,10,11,7.57,8.6
2026-03-30,4,2,8999.0,71,0,3,0,0,0,6,11,7,7.57,8.77
2026-03-31,4,2,8999.0,87,1,3,0,0,0,7,6,4,7.43,8.2
2026-04-01,4,2,8999.0,85,2,4,0,0,0,8,7,5,7.86,8.03
2026-04-02,4,2,8999.0,74,3,4,0,0,0,5,8,5,8.29,8.2
2026-04-03,4,2,8999.0,101,4,4,0,0,0,4,5,11,8.29,8.13
2026-04-04,4,2,7649.15,159,5,4,1,1,15,17,4,10,7.29,7.83
2026-04-05,4,2,8999.0,131,6,4,1,0,0,11,17,11,8.29,7.97
2026-04-06,4,2,8999.0,92,0,4,0,0,0,8,11,6,8.29,8.03
2026-04-07,4,2,7199.2,105,1,4,0,1,20,8,8,7,8.57,8.03
2026-04-08,4,2,8999.0,79,2,4,0,0,0,8,8,8,8.71,8.0
2026-04-09,4,2,8999.0,66,3,4,0,0,0,9,8,5,8.71,8.13
2026-04-10,4,2,8999.0,97,4,4,0,0,0,6,9,4,9.29,8.13
2026-04-11,4,2,8999.0,86,5,4,1,0,0,12,6,17,9.57,8.03
2026-04-12,4,2,8999.0,123,6,4,1,0,0,9,12,11,8.86,8.37
2026-04-13,4,2,8999.0,80,0,4,0,0,0,7,9,8,8.57,8.47
2026-04-14,4,2,8999.0,80,1,4,0,0,0,5,7,8,8.43,8.37
2026-04-15,4,2,8999.0,69,2,4,0,0,0,8,5,8,8.0,8.27
2026-04-16,4,2,8999.0,78,3,4,0,0,0,8,8,9,8.0,8.37
2026-04-17,4,2,8999.0,68,4,4,0,0,0,6,8,6,7.86,8.33
2026-04-18,4,2,8999.0,95,5,4,1,0,0,11,6,12,7.86,8.27
2026-04-19,4,2,8999.0,120,6,4,1,0,0,9,11,9,7.71,8.27
2026-04-20,4,2,6749.25,91,0,4,0,1,25,11,9,7,7.71,8.23
2026-04-21,4,2,7649.15,95,1,4,0,1,15,6,11,5,8.29,8.23
2026-04-22,4,2,8999.0,102,2,4,0,0,0,4,6,8,8.43,8.07
2026-04-23,4,2,8999.0,97,3,4,0,0,0,6,4,8,7.86,7.97
2026-04-24,4,2,7199.2,114,4,4,0,1,20,11,6,6,7.57,8.03
2026-04-25,4,2,8999.0,124,5,4,1,0,0,4,11,11,8.29,8.23
2026-04-26,4,2,8999.0,124,6,4,1,0,0,14,4,9,7.29,8.2
2026-04-27,4,2,8999.0,94,0,4,0,0,0,8,14,11,8.0,8.3
2026-04-28,4,2,8999.0,86,1,4,0,0,0,12,8,6,7.57,8.23
2026-04-29,4,2,8999.0,69,2,4,0,0,0,6,12,4,8.43,8.27
2026-04-30,4,2,7199.2,102,3,4,0,1,20,15,6,6,8.71,8.27
2026-05-01,4,2,8999.0,92,4,5,0,0,0,12,15,11,10.0,8.53
2026-05-02,4,2,8999.0,113,5,5,1,0,0,10,12,4,10.14,8.67
2026-05-03,4,2,8999.0,111,6,5,1,0,0,17,10,14,11.0,8.83
2026-05-04,4,2,8999.0,60,0,5,0,0,0,5,17,8,11.43,9.27
2026-05-05,4,2,6749.25,134,1,5,0,1,25,18,5,12,11.0,8.87
2026-05-06,4,2,8999.0,83,2,5,0,0,0,7,18,6,11.86,9.1
2026-05-07,4,2,8999.0,79,3,5,0,0,0,8,7,15,12.0,9.07
2026-05-08,4,2,8999.0,80,4,5,0,0,0,4,8,12,11.0,9.07
2026-05-09,4,2,8999.0,117,5,5,1,0,0,8,4,10,9.86,8.93
2026-05-10,4,2,8999.0,101,6,5,1,0,0,19,8,17,9.57,8.9
2026-05-11,4,2,8999.0,68,0,5,0,0,0,7,19,5,9.86,9.33
2026-05-12,4,2,8999.0,71,1,5,0,0,0,8,7,18,10.14,9.17
2026-05-13,4,2,8099.1,97,2,5,0,1,10,14,8,7,8.71,9.13
2026-05-14,4,2,8999.0,84,3,5,0,0,0,10,14,8,9.71,9.37
2026-05-15,4,2,8999.0,82,4,5,0,0,0,14,10,4,10.0,9.53
2026-05-16,4,2,8999.0,109,5,5,1,0,0,10,14,8,11.43,9.73
2026-05-17,4,2,8999.0,86,6,5,1,0,0,9,10,19,11.71,9.8
2026-05-18,4,2,7649.15,116,0,5,0,1,15,8,9,7,10.29,9.9
2026-05-19,4,2,8999.0,63,1,5,0,0,0,6,8,8,10.43,9.8
2026-05-20,4,2,8999.0,90,2,5,0,0,0,13,6,14,10.14,9.7
2026-05-21,4,2,8999.0,71,3,5,0,0,0,8,13,10,10.0,9.77
2026-05-22,4,2,8999.0,82,4,5,0,0,0,6,8,14,9.71,9.83
2026-05-23,4,2,8999.0,105,5,5,1,0,0,14,6,10,8.57,9.9
2026-05-24,4,2,8999.0,110,6,5,1,0,0,16,14,9,9.14,10.17
2026-05-25,4,2,8999.0,81,0,5,0,0,0,5,16,8,10.14,10.33
2026-05-26,4,2,8999.0,67,1,5,0,0,0,8,5,6,9.71,10.37
2026-05-27,4,2,8999.0,97,2,5,0,0,0,8,8,13,10.0,10.17
2026-05-28,4,2,7649.15,101,3,5,0,1,15,16,8,8,9.29,10.17
2026-05-29,4,2,8999.0,77,4,5,0,0,0,9,16,6,10.43,10.3
2026-05-30,4,2,8999.0,122,5,5,1,0,0,9,9,14,10.86,10.4
2026-05-31,4,2,8999.0,105,6,5,1,0,0,7,9,16,10.14,10.2
2026-06-01,4,2,8999.0,98,0,6,0,0,0,6,7,5,8.86,10.03
2026-06-02,4,2,8999.0,93,1,6,0,0,0,5,6,8,9.0,9.9
2026-06-03,4,2,8999.0,76,2,6,0,0,0,7,5,8,8.57,9.5
2026-06-04,4,2,8999.0,94,3,6,0,0,0,4,7,16,8.43,9.57
2026-06-05,4,2,8999.0,82,4,6,0,0,0,7,4,9,6.71,9.1
2026-06-06,4,2,8999.0,117,5,6,1,0,0,8,7,9,6.43,9.1
2026-06-07,4,2,8999.0,102,6,6,1,0,0,14,8,7,6.29,9.1
2026-06-08,4,2,8999.0,75,0,6,0,0,0,8,14,6,7.29,9.43
2026-06-09,4,2,8999.0,102,1,6,0,0,0,9,8,5,7.57,9.43
2026-06-10,4,2,8999.0,105,2,6,0,0,0,12,9,7,8.14,9.1
2026-06-11,4,2,8999.0,80,3,6,0,0,0,4,12,4,8.86,9.27
2026-06-12,4,2,8999.0,87,4,6,0,0,0,4,4,7,8.86,9.13
2026-06-13,4,2,7199.2,151,5,6,1,1,20,17,4,8,8.43,8.8
2026-06-14,4,2,8999.0,130,6,6,1,0,0,12,17,14,9.71,9.03
2026-06-15,4,2,8999.0,77,0,6,0,0,0,8,12,8,9.43,8.97
2026-06-16,4,2,8999.0,65,1,6,0,0,0,8,8,9,9.43,8.9
2026-06-17,4,2,8999.0,95,2,6,0,0,0,2,8,12,9.29,8.87
2026-06-18,4,2,8999.0,85,3,6,0,0,0,10,2,4,7.86,8.67
2026-06-19,4,2,8999.0,84,4,6,0,0,0,5,10,4,8.71,8.8
2026-06-20,4,2,8999.0,108,5,6,1,0,0,14,5,17,8.86,8.53
2026-06-21,4,2,8999.0,118,6,6,1,0,0,9,14,12,8.43,8.73
2026-06-22,4,2,8999.0,71,0,6,0,0,0,7,9,8,8.0,8.83
2026-06-23,4,2,8999.0,101,1,6,0,0,0,6,7,8,7.86,8.6
2026-06-24,4,2,8999.0,93,2,6,0,0,0,6,6,2,7.57,8.27
2026-06-25,4,2,8999.0,83,3,6,0,0,0,11,6,10,8.14,8.3
2026-06-26,4,2,8999.0,105,4,6,0,0,0,10,11,5,8.29,8.4
2026-06-27,4,2,8999.0,98,5,6,1,0,0,13,10,14,9.0,8.47
2026-06-28,4,2,8999.0,89,6,6,1,0,0,11,13,9,8.86,8.37
2026-06-29,4,2,8999.0,98,0,6,0,0,0,4,11,7,9.14,8.43
2026-06-30,4,2,8999.0,76,1,6,0,0,0,10,4,6,8.71,8.27
2026-07-01,4,2,8999.0,100,2,7,0,0,0,8,10,6,9.29,8.37
2026-07-02,4,2,8999.0,98,3,7,0,0,0,10,8,11,9.57,8.43
2026-07-03,4,2,8999.0,85,4,7,0,0,0,10,10,10,9.43,8.6
2026-07-04,4,2,8999.0,117,5,7,1,0,0,20,10,13,9.43,8.7
2026-07-05,4,2,6749.25,174,6,7,1,1,25,26,20,11,10.43,9.23
2026-07-06,4,2,8999.0,101,0,7,0,0,0,7,26,4,12.57,9.87
2026-07-07,4,2,8999.0,89,1,7,0,0,0,9,7,10,13.0,9.83
2026-07-08,4,2,8999.0,104,2,7,0,0,0,14,9,8,12.86,9.67
2026-07-09,4,2,8999.0,66,3,7,0,0,0,4,14,10,13.71,9.87
2026-07-10,4,2,8999.0,93,4,7,0,0,0,6,4,10,12.86,9.7
2026-07-11,4,2,7199.2,163,5,7,1,1,20,16,6,20,12.29,9.5
2026-07-12,4,2,8999.0,112,6,7,1,0,0,14,16,26,11.71,9.9
2026-07-13,4,2,8999.0,69,0,7,0,0,0,6,14,7,10.0,10.23
2026-07-14,4,2,8999.0,110,1,7,0,0,0,7,6,9,9.86,9.87
2026-07-15,4,2,8999.0,88,2,7,0,0,0,5,7,14,9.57,9.7
2026-07-16,4,2,8999.0,85,3,7,0,0,0,5,5,4,8.29,9.6
2026-07-17,4,2,8999.0,92,4,7,0,0,0,4,5,6,8.43,9.5
2026-07-18,4,2,8999.0,105,5,7,1,0,0,13,4,16,8.14,9.57
2026-07-19,4,2,8999.0,99,6,7,1,0,0,13,13,14,7.71,9.67
2026-07-20,4,2,8999.0,94,0,7,0,0,0,4,13,6,7.57,9.93
2026-07-21,4,2,8999.0,79,1,7,0,0,0,8,4,7,7.29,9.6
2026-07-22,4,2,8999.0,108,2,7,0,0,0,7,8,5,7.43,9.57
2026-07-23,4,2,8099.1,103,3,7,0,1,10,12,7,5,7.71,9.57
2026-07-24,4,2,8999.0,110,4,7,0,0,0,9,12,4,8.71,9.77
2026-07-25,4,2,8999.0,123,5,7,1,0,0,13,9,13,9.43,9.87
2026-07-26,4,2,8999.0,100,6,7,1,0,0,8,13,13,9.43,9.93
2026-07-27,4,2,8999.0,87,0,7,0,0,0,4,8,4,8.71,9.87
2026-07-28,4,2,8999.0,101,1,7,0,0,0,12,4,8,8.71,9.57
2026-07-29,4,2,8999.0,86,2,7,0,0,0,7,12,7,9.29,9.6
2026-07-30,4,2,8999.0,94,3,7,0,0,0,10,7,12,9.29,9.7
2026-07-31,4,2,8999.0,95,4,7,0,0,0,9,10,9,9.0,9.7
2026-08-01,4,2,7649.15,173,5,8,1,1,15,25,9,13,9.0,9.73
2026-08-02,4,2,8999.0,138,6,8,1,0,0,16,25,8,10.71,10.23
2026-08-03,4,2,8999.0,101,0,8,0,0,0,7,16,4,11.86,10.43
2026-08-04,4,2,8999.0,110,1,8,0,0,0,19,7,12,12.29,10.0
2026-08-05,4,2,8999.0,95,2,8,0,0,0,4,19,7,13.29,9.77
2026-08-06,4,2,8999.0,77,3,8,0,0,0,2,4,10,12.86,9.67
2026-08-07,4,2,8999.0,97,4,8,0,0,0,6,2,9,11.71,9.43
2026-08-08,4,2,8999.0,94,5,8,1,0,0,9,6,25,11.29,9.17
2026-08-09,4,2,8999.0,108,6,8,1,0,0,12,9,16,9.0,9.33
2026-08-10,4,2,8999.0,83,0,8,0,0,0,8,12,7,8.43,9.53
2026-08-11,4,2,8999.0,81,1,8,0,0,0,11,8,19,8.57,9.27
2026-08-12,4,2,8999.0,89,2,8,0,0,0,12,11,4,7.43,9.17
2026-08-13,4,2,8999.0,80,3,8,0,0,0,9,12,2,8.57,9.37
2026-08-14,4,2,8999.0,99,4,8,0,0,0,4,9,6,9.57,9.43
2026-08-15,4,2,8999.0,120,5,8,1,0,0,8,4,9,9.29,9.4
2026-08-16,4,2,8999.0,92,6,8,1,0,0,12,8,12,9.14,9.5
2026-08-17,4,2,8099.1,115,0,8,0,1,10,17,12,8,9.14,9.77
2026-08-18,4,2,8999.0,89,1,8,0,0,0,5,17,11,10.43,9.9
2026-08-19,4,2,8999.0,79,2,8,0,0,0,7,5,12,9.57,9.63
2026-08-20,4,2,8999.0,80,3,8,0,0,0,10,7,9,8.86,9.73
2026-08-21,4,2,8999.0,110,4,8,0,0,0,9,10,4,9.0,9.8
2026-08-22,4,2,8999.0,106,5,8,1,0,0,16,9,8,9.71,9.87
2026-08-23,4,2,8999.0,104,6,8,1,0,0,13,16,12,10.86,10.0
2026-08-24,4,2,7199.2,110,0,8,0,1,20,15,13,17,11.0,10.13
2026-08-25,4,2,8999.0,106,1,8,0,0,0,9,15,5,10.71,10.2
2026-08-26,4,2,8999.0,90,2,8,0,0,0,16,9,7,11.29,10.23
2026-08-27,4,2,8999.0,106,3,8,0,0,0,8,16,10,12.57,10.63
2026-08-28,4,2,8999.0,117,4,8,0,0,0,5,8,9,12.29,10.5
2026-08-29,4,2,8999.0,146,5,8,1,0,0,10,5,16,11.71,10.43
2026-08-30,4,2,8999.0,108,6,8,1,0,0,8,10,13,10.86,10.43
2026-08-31,4,2,8999.0,85,0,8,0,0,0,4,8,15,10.14,10.4
2026-09-01,4,2,8999.0,64,1,9,0,0,0,7,4,9,8.57,9.7
2026-09-02,4,2,8999.0,81,2,9,0,0,0,10,7,16,8.29,9.4
2026-09-03,4,2,8999.0,102,3,9,0,0,0,7,10,8,7.43,9.5
2026-09-04,4,2,8999.0,103,4,9,0,0,0,4,7,5,7.29,9.1
2026-09-05,4,2,8999.0,90,5,9,1,0,0,7,4,10,7.14,9.1
2026-09-06,4,2,8999.0,92,6,9,1,0,0,12,7,8,6.71,9.27
2026-09-07,4,2,8999.0,79,0,9,0,0,0,3,12,4,7.29,9.47
2026-09-08,4,2,8999.0,82,1,9,0,0,0,8,3,7,7.14,9.27
2026-09-09,4,2,8999.0,84,2,9,0,0,0,5,8,10,7.29,9.13
2026-09-10,4,2,8999.0,78,3,9,0,0,0,7,5,7,6.57,9.03
2026-09-11,4,2,8999.0,73,4,9,0,0,0,5,7,4,6.57,8.9
2026-09-12,4,2,8999.0,124,5,9,1,0,0,8,5,7,6.71,8.67
2026-09-13,4,2,7649.15,157,6,9,1,1,15,17,8,12,6.86,8.63
2026-09-14,4,2,8999.0,83,0,9,0,0,0,14,17,3,7.57,9.07
2026-09-15,4,2,8999.0,62,1,9,0,0,0,3,14,8,9.14,9.27
2026-09-16,4,2,8999.0,82,2,9,0,0,0,7,3,5,8.43,8.97
2026-09-17,4,2,7199.2,103,3,9,0,1,20,6,7,7,8.71,8.63
2026-09-18,4,2,8999.0,62,4,9,0,0,0,6,6,5,8.57,8.67
2026-09-19,4,2,8999.0,109,5,9,1,0,0,11,6,8,8.71,8.63
2026-09-20,4,2,8999.0,110,6,9,1,0,0,8,11,17,9.14,8.67
2026-09-21,4,2,8999.0,63,0,9,0,0,0,5,8,14,7.86,8.63
2026-09-22,4,2,8999.0,76,1,9,0,0,0,5,5,3,6.57,8.27
2026-09-23,4,2,8999.0,97,2,9,0,0,0,9,5,7,6.86,8.0
2026-09-24,4,2,8999.0,94,3,9,0,0,0,11,9,6,7.14,7.8
2026-09-25,4,2,8999.0,78,4,9,0,0,0,10,11,6,7.86,7.87
2026-09-26,4,2,8999.0,103,5,9,1,0,0,7,10,11,8.43,7.67
2025-09-26,5,2,5999.0,100,4,9,0,0,0,9,7,7,,
2025-09-27,5,2,5999.0,95,5,9,1,0,0,10,9,7,9.0,9.0
2025-09-28,5,2,5999.0,128,6,9,1,0,0,14,10,7,9.5,9.5
2025-09-29,5,2,5999.0,65,0,9,0,0,0,9,14,7,11.0,11.0
2025-09-30,5,2,5999.0,77,1,9,0,0,0,5,9,7,10.5,10.5
2025-10-01,5,2,4499.25,149,2,10,0,1,25,15,5,7,9.4,9.4
2025-10-02,5,2,5999.0,83,3,10,0,0,0,6,15,7,10.33,10.33
2025-10-03,5,2,5999.0,127,4,10,0,0,0,8,6,9,9.71,9.71
2025-10-04,5,2,5999.0,126,5,10,1,0,0,9,8,10,9.57,9.5
2025-10-05,5,2,5999.0,125,6,10,1,0,0,15,9,14,9.43,9.44
2025-10-06,5,2,4499.25,155,0,10,0,1,25,15,15,9,9.57,10.0
2025-10-07,5,2,5999.0,88,1,10,0,0,0,7,15,5,10.43,10.45
2025-10-08,5,2,5999.0,100,2,10,0,0,0,13,7,15,10.71,10.17
2025-10-09,5,2,5999.0,113,3,10,0,0,0,6,13,6,10.43,10.38
2025-10-10,5,2,5999.0,100,4,10,0,0,0,6,6,8,10.43,10.07
2025-10-11,5,2,5399.1,194,5,10,1,1,10,27,6,9,10.14,9.8
2025-10-12,5,2,5999.0,151,6,10,1,0,0,15,27,15,12.71,10.88
2025-10-13,5,2,5999.0,116,0,10,0,0,0,10,15,15,12.71,11.12
2025-10-14,5,2,5999.0,93,1,10,0,0,0,8,10,7,12.0,11.06
2025-10-15,5,2,5999.0,100,2,10,0,0,0,7,8,13,12.14,10.89
2025-10-16,5,2,5999.0,91,3,10,0,0,0,14,7,6,11.29,10.7
2025-10-17,5,2,5999.0,94,4,10,0,0,0,13,14,6,12.43,10.86
2025-10-18,5,2,5999.0,127,5,10,1,0,0,15,13,27,13.43,10.95
2025-10-19,5,2,5999.0,145,6,10,1,0,0,15,15,15,11.71,11.13
2025-10-20,5,2,5999.0,109,0,10,0,0,0,10,15,10,11.71,11.29
2025-10-21,5,2,4499.25,126,1,10,0,1,25,11,10,8,11.71,11.24
2025-10-22,5,2,5999.0,92,2,10,0,0,0,11,11,7,12.14,11.23
2025-10-23,5,2,5999.0,85,3,10,0,0,0,12,11,14,12.71,11.22
2025-10-24,5,2,5999.0,114,4,10,0,0,0,7,12,13,12.43,11.25
2025-10-25,5,2,5999.0,124,5,10,1,0,0,9,7,15,11.57,11.1
2025-10-26,5,2,5399.1,170,6,10,1,1,10,13,9,15,10.71,11.03
2025-10-27,5,2,5999.0,100,0,10,0,0,0,11,13,10,10.43,11.17
2025-10-28,5,2,5999.0,85,1,10,0,0,0,13,11,11,10.57,11.2
2025-10-29,5,2,5999.0,109,2,10,0,0,0,14,13,11,10.86,11.17
2025-10-30,5,2,5999.0,93,3,10,0,0,0,7,14,12,11.29,11.33
2025-10-31,5,2,5999.0,119,4,10,0,0,0,7,7,7,10.57,11.4
2025-11-01,5,2,5999.0,156,5,11,1,0,0,18,7,9,10.57,11.13
2025-11-02,5,2,5999.0,124,6,11,1,0,0,11,18,13,11.86,11.53
2025-11-03,5,2,5999.0,111,0,11,0,0,0,8,11,11,11.57,11.63
2025-11-04,5,2,5099.15,145,1,11,0,1,15,13,8,13,11.14,11.6
2025-11-05,5,2,5999.0,119,2,11,0,0,0,9,13,14,11.14,11.53
2025-11-06,5,2,5999.0,89,3,11,0,0,0,8,9,7,10.43,11.33
2025-11-07,5,2,5999.0,91,4,11,0,0,0,15,8,7,10.57,11.37
2025-11-08,5,2,5999.0,122,5,11,1,0,0,11,15,18,11.71,11.43
2025-11-09,5,2,5999.0,142,6,11,1,0,0,17,11,11,10.71,11.6
2025-11-10,5,2,5999.0,106,0,11,0,0,0,7,17,8,11.57,11.97
2025-11-11,5,2,5999.0,117,1,11,0,0,0,11,7,13,11.43,11.3
2025-11-12,5,2,5999.0,115,2,11,0,0,0,9,11,9,11.14,11.17
2025-11-13,5,2,5999.0,83,3,11,0,0,0,5,9,8,11.14,11.13
2025-11-14,5,2,5999.0,79,4,11,0,0,0,12,5,15,10.71,11.03
2025-11-15,5,2,5999.0,113,5,11,1,0,0,17,12,11,10.29,11.2
2025-11-16,5,2,5999.0,155,6,11,1,0,0,9,17,17,11.14,11.3
2025-11-17,5,2,5999.0,98,0,11,0,0,0,6,9,7,10.0,11.17
2025-11-18,5,2,5999.0,110,1,11,0,0,0,9,6,11,9.86,10.87
2025-11-19,5,2,5999.0,108,2,11,0,0,0,11,9,9,9.57,10.67
2025-11-20,5,2,5999.0,113,3,11,0,0,0,5,11,5,9.86,10.7
2025-11-21,5,2,5999.0,119,4,11,0,0,0,10,5,12,9.86,10.5
2025-11-22,5,2,4799.2,197,5,11,1,1,20,15,10,17,9.57,10.47
2025-11-23,5,2,5999.0,145,6,11,1,0,0,11,15,9,9.29,10.57
2025-11-24,5,2,5999.0,102,0,11,0,0,0,10,11,6,9.57,10.7
2025-11-25,5,2,5999.0,86,1,11,0,0,0,12,10,9,10.14,10.73
2025-11-26,5,2,5999.0,87,2,11,0,0,0,10,12,11,10.57,10.7
2025-11-27,5,2,5999.0,93,3,11,0,0,0,8,10,5,10.43,10.67
2025-11-28,5,2,5999.0,96,4,11,0,0,0,11,8,10,10.86,10.5
2025-11-29,5,2,4499.25,177,5,11,1,1,25,22,11,15,11.0,10.4
2025-11-30,5,2,5999.0,128,6,11,1,0,0,20,22,11,12.0,10.9
2025-12-01,5,2,5999.0,104,0,12,0,0,0,13,20,10,13.29,11.33
2025-12-02,5,2,5999.0,82,1,12,0,0,0,9,13,12,13.71,11.17
2025-12-03,5,2,5999.0,89,2,12,0,0,0,6,9,10,13.29,11.1
2025-12-04,5,2,5999.0,83,3,12,0,0,0,5,6,8,12.71,11.03
2025-12-05,5,2,4499.25,139,4,12,0,1,25,10,5,11,12.29,10.77
2025-12-06,5,2,5999.0,155,5,12,1,0,0,13,10,22,12.14,10.8
2025-12-07,5,2,5999.0,141,6,12,1,0,0,20,13,20,10.86,10.97
2025-12-08,5,2,5999.0,97,0,12,0,0,0,7,20,13,10.86,11.13
2025-12-09,5,2,5999.0,95,1,12,0,0,0,5,7,9,10.0,11.0
2025-12-10,5,2,5999.0,98,2,12,0,0,0,8,5,6,9.43,10.6
2025-12-11,5,2,5999.0,124,3,12,0,0,0,14,8,5,9.71,10.63
2025-12-12,5,2,5399.1,136,4,12,0,1,10,11,14,10,11.0,10.73
2025-12-13,5,2,5999.0,119,5,12,1,0,0,12,11,13,11.14,10.8
2025-12-14,5,2,5999.0,143,6,12,1,0,0,14,12,20,11.0,11.03
2025-12-15,5,2,5999.0,123,0,12,0,0,0,7,14,7,10.14,11.1
2025-12-16,5,2,5999.0,89,1,12,0,0,0,16,7,5,10.14,10.77
2025-12-17,5,2,5999.0,118,2,12,0,0,0,7,16,8,11.71,11.0
2025-12-18,5,2,5999.0,107,3,12,0,0,0,17,7,14,11.57,11.03
2025-12-19,5,2,5999.0,80,4,12,0,0,0,10,17,11,12.0,11.3
2025-12-20,5,2,5999.0,139,5,12,1,0,0,10,10,12,11.86,11.27
2025-12-21,5,2,5999.0,128,6,12,1,0,0,13,10,14,11.57,11.43
2025-12-22,5,2,5999.0,92,0,12,0,0,0,6,13,7,11.43,11.53
2025-12-23,5,2,5999.0,85,1,12,0,0,0,9,6,16,11.29,11.23
2025-12-24,5,2,5999.0,84,2,12,0,0,0,9,9,7,10.29,11.17
2025-12-25,5,2,5999.0,108,3,12,0,0,0,8,9,17,10.57,11.13
2025-12-26,5,2,5999.0,118,4,12,0,0,0,7,8,10,9.29,11.0
2025-12-27,5,2,5999.0,136,5,12,1,0,0,11,7,10,8.86,10.9
2025-12-28,5,2,5999.0,155,6,12,1,0,0,20,11,13,9.0,11.0
2025-12-29,5,2,5999.0,120,0,12,0,0,0,10,20,6,10.0,11.3
2025-12-30,5,2,5999.0,114,1,12,0,0,0,7,10,9,10.57,10.9
2025-12-31,5,2,5999.0,82,2,12,0,0,0,10,7,9,10.29,10.47
2026-01-01,5,2,5999.0,95,3,1,0,0,0,1,10,8,10.43,10.37
2026-01-02,5,2,5999.0,69,4,1,0,0,0,6,1,7,9.43,10.1
2026-01-03,5,2,5999.0,86,5,1,1,0,0,8,6,11,9.29,10.1
2026-01-04,5,2,5999.0,106,6,1,1,0,0,8,8,20,8.86,10.2
2026-01-05,5,2,5999.0,96,0,1,0,0,0,3,8,10,7.14,10.13
2026-01-06,5,2,5999.0,83,1,1,0,0,0,5,3,7,6.14,9.8
2026-01-07,5,2,5999.0,64,2,1,0,0,0,5,5,10,5.86,9.3
2026-01-08,5,2,5999.0,96,3,1,0,0,0,4,5,1,5.14,9.23
2026-01-09,5,2,5999.0,99,4,1,0,0,0,4,4,6,5.57,9.2
2026-01-10,5,2,5999.0,116,5,1,1,0,0,18,4,8,5.29,9.07
2026-01-11,5,2,5999.0,122,6,1,1,0,0,10,18,8,6.71,9.2
2026-01-12,5,2,5999.0,75,0,1,0,0,0,9,10,3,7.0,9.17
2026-01-13,5,2,5999.0,70,1,1,0,0,0,8,9,5,7.86,9.07
2026-01-14,5,2,5999.0,60,2,1,0,0,0,6,8,5,8.29,8.87
2026-01-15,5,2,5999.0,59,3,1,0,0,0,9,6,4,8.43,8.83
2026-01-16,5,2,5999.0,99,4,1,0,0,0,9,9,4,9.14,8.6
2026-01-17,5,2,5999.0,122,5,1,1,0,0,12,9,18,9.86,8.67
2026-01-18,5,2,5999.0,121,6,1,1,0,0,8,12,10,9.0,8.5
2026-01-19,5,2,5999.0,71,0,1,0,0,0,7,8,9,8.71,8.43
2026-01-20,5,2,5999.0,99,1,1,0,0,0,6,7,8,8.43,8.33
2026-01-21,5,2,5999.0,66,2,1,0,0,0,3,6,6,8.14,8.1
2026-01-22,5,2,5999.0,104,3,1,0,0,0,9,3,9,7.71,8.0
2026-01-23,5,2,5999.0,100,4,1,0,0,0,13,9,9,7.71,8.0
2026-01-24,5,2,5999.0,82,5,1,1,0,0,9,13,12,8.29,8.13
2026-01-25,5,2,5999.0,94,6,1,1,0,0,7,9,8,7.86,8.17
2026-01-26,5,2,5999.0,86,0,1,0,0,0,10,7,7,7.71,8.17
2026-01-27,5,2,5999.0,79,1,1,0,0,0,8,10,6,8.14,8.13
2026-01-28,5,2,5999.0,76,2,1,0,0,0,10,8,3,8.43,7.73
2026-01-29,5,2,5399.1,121,3,1,0,1,10,11,10,9,9.43,7.73
2026-01-30,5,2,5999.0,97,4,1,0,0,0,9,11,13,9.71,7.87
2026-01-31,5,2,5999.0,82,5,1,1,0,0,10,9,9,9.14,7.83
2026-02-01,5,2,5999.0,104,6,2,1,0,0,12,10,7,9.29,8.13
2026-02-02,5,2,5999.0,101,0,2,0,0,0,11,12,10,10.0,8.33
2026-02-03,5,2,5999.0,68,1,2,0,0,0,10,11,8,10.14,8.43
2026-02-04,5,2,5999.0,72,2,2,0,0,0,8,10,10,10.43,8.5
2026-02-05,5,2,5999.0,65,3,2,0,0,0,7,8,11,10.14,8.67
2026-02-06,5,2,5999.0,97,4,2,0,0,0,8,7,9,9.57,8.73
2026-02-07,5,2,5999.0,126,5,2,1,0,0,8,8,10,9.43,8.83
2026-02-08,5,2,5999.0,113,6,2,1,0,0,7,8,12,9.14,8.97
2026-02-09,5,2,5999.0,86,0,2,0,0,0,10,7,11,8.43,9.07
2026-02-10,5,2,5999.0,78,1,2,0,0,0,9,10,10,8.29,8.8
2026-02-11,5,2,5999.0,80,2,2,0,0,0,3,9,8,8.14,8.77
2026-02-12,5,2,5999.0,98,3,2,0,0,0,6,3,7,7.43,8.57
2026-02-13,5,2,5999.0,62,4,2,0,0,0,3,6,8,7.29,8.5
2026-02-14,5,2,4499.25,137,5,2,1,1,25,11,3,8,6.57,8.4
2026-02-15,5,2,5999.0,128,6,2,1,0,0,11,11,7,7.0,8.47
2026-02-16,5,2,5999.0,98,0,2,0,0,0,2,11,10,7.57,8.53
2026-02-17,5,2,5999.0,94,1,2,0,0,0,7,2,9,6.43,8.2
2026-02-18,5,2,5999.0,74,2,2,0,0,0,15,7,3,6.14,8.17
2026-02-19,5,2,5999.0,62,3,2,0,0,0,8,15,6,7.86,8.43
2026-02-20,5,2,5999.0,65,4,2,0,0,0,8,8,3,8.14,8.5
2026-02-21,5,2,5999.0,106,5,2,1,0,0,8,8,11,8.86,8.67
2026-02-22,5,2,5999.0,114,6,2,1,0,0,13,8,11,8.43,8.63
2026-02-23,5,2,5999.0,62,0,2,0,0,0,7,13,2,8.71,8.63
2026-02-24,5,2,5999.0,113,1,2,0,0,0,8,7,7,9.43,8.57
2026-02-25,5,2,5999.0,101,2,2,0,0,0,5,8,15,9.57,8.6
2026-02-26,5,2,5999.0,92,3,2,0,0,0,8,5,8,8.14,8.43
2026-02-27,5,2,5999.0,71,4,2,0,0,0,6,8,8,8.14,8.43
2026-02-28,5,2,5999.0,126,5,2,1,0,0,11,6,8,7.86,8.3
2026-03-01,5,2,5399.1,166,6,3,1,1,10,20,11,13,8.29,8.3
2026-03-02,5,2,5999.0,95,0,3,0,0,0,3,20,7,9.29,8.67
2026-03-03,5,2,5999.0,77,1,3,0,0,0,3,3,8,8.71,8.43
2026-03-04,5,2,5999.0,74,2,3,0,0,0,6,3,5,8.0,8.13
2026-03-05,5,2,5999.0,78,3,3,0,0,0,10,6,8,8.14,7.97
2026-03-06,5,2,5099.15,103,4,3,0,1,15,8,10,6,8.43,7.97
2026-03-07,5,2,5999.0,93,5,3,1,0,0,6,8,11,8.71,7.97
2026-03-08,5,2,5999.0,100,6,3,1,0,0,13,6,20,8.0,7.93
2026-03-09,5,2,5999.0,103,0,3,0,0,0,8,13,3,7.0,8.1
2026-03-10,5,2,4499.25,110,1,3,0,1,25,9,8,3,7.71,8.1
2026-03-11,5,2,5999.0,87,2,3,0,0,0,9,9,6,8.57,8.17
2026-03-12,5,2,5999.0,64,3,3,0,0,0,5,9,10,9.0,8.13
2026-03-13,5,2,5999.0,77,4,3,0,0,0,6,5,8,8.29,8.0
2026-03-14,5,2,5999.0,97,5,3,1,0,0,8,6,6,8.0,8.1
2026-03-15,5,2,5999.0,99,6,3,1,0,0,8,8,13,8.29,8.17
2026-03-16,5,2,4799.2,90,0,3,0,1,20,14,8,8,7.57,8.33
2026-03-17,5,2,5999.0,67,1,3,0,0,0,6,14,9,8.43,8.43
2026-03-18,5,2,4799.2,99,2,3,0,1,20,13,6,9,8.0,8.27
2026-03-19,5,2,5999.0,71,3,3,0,0,0,2,13,5,8.57,8.63
2026-03-20,5,2,5999.0,105,4,3,0,0,0,9,2,6,8.14,8.47
2026-03-21,5,2,5999.0,111,5,3,1,0,0,12,9,8,8.57,8.27
2026-03-22,5,2,5999.0,86,6,3,1,0,0,10,12,8,9.14,8.4
2026-03-23,5,2,5999.0,87,0,3,0,0,0,6,10,14,9.43,8.47
2026-03-24,5,2,5999.0,93,1,3,0,0,0,5,6,6,8.29,8.4
2026-03-25,5,2,5999.0,69,2,3,0,0,0,10,5,13,8.14,8.13
2026-03-26,5,2,5999.0,81,3,3,0,0,0,12,10,2,7.71,8.23
2026-03-27,5,2,5099.15,106,4,3,0,1,15,10,12,9,9.14,8.37
2026-03-28,5,2,5999.0,114,5,3,1,0,0,11,10,12,9.29,8.53
2026-03-29,5,2,5999.0,85,6,3,1,0,0,5,11,10,9.14,8.63
2026-03-30,5,2,5999.0,59,0,3,0,0,0,3,5,6,8.43,8.6
2026-03-31,5,2,4799.2,102,1,3,0,1,20,11,3,5,8.0,8.33
2026-04-01,5,2,5999.0,82,2,4,0,0,0,6,11,10,8.86,8.03
2026-04-02,5,2,5999.0,84,3,4,0,0,0,8,6,12,8.29,8.13
2026-04-03,5,2,5999.0,96,4,4,0,0,0,9,8,10,7.71,8.3
2026-04-04,5,2,5999.0,122,5,4,1,0,0,7,9,11,7.57,8.4
2026-04-05,5,2,5999.0,86,6,4,1,0,0,9,7,5,7.0,8.3
2026-04-06,5,2,5999.0,97,0,4,0,0,0,14,9,3,7.57,8.33
2026-04-07,5,2,5999.0,81,1,4,0,0,0,6,14,11,9.14,8.6
2026-04-08,5,2,5999.0,101,2,4,0,0,0,7,6,6,8.43,8.37
2026-04-09,5,2,5399.1,110,3,4,0,1,10,14,7,8,8.57,8.33
2026-04-10,5,2,5999.0,62,4,4,0,0,0,8,14,9,9.43,8.5
2026-04-11,5,2,5999.0,92,5,4,1,0,0,8,8,7,9.29,8.47
2026-04-12,5,2,5999.0,131,6,4,1,0,0,7,8,9,9.43,8.57
2026-04-13,5,2,5999.0,93,0,4,0,0,0,6,7,14,9.14,8.6
2026-04-14,5,2,5999.0,77,1,4,0,0,0,8,6,6,8.0,8.53
2026-04-15,5,2,5999.0,97,2,4,0,0,0,6,8,7,8.29,8.53
2026-04-16,5,2,5999.0,103,3,4,0,0,0,8,6,14,8.14,8.27
2026-04-17,5,2,5999.0,88,4,4,0,0,0,3,8,8,7.29,8.33
2026-04-18,5,2,5999.0,129,5,4,1,0,0,15,3,8,6.57,8.0
2026-04-19,5,2,5999.0,107,6,4,1,0,0,12,15,7,7.57,8.43
2026-04-20,5,2,4799.2,129,0,4,0,1,20,10,12,6,8.29,8.53
2026-04-21,5,2,5999.0,72,1,4,0,0,0,2,10,8,8.86,8.47
2026-04-22,5,2,5399.1,90,2,4,0,1,10,11,2,6,8.0,8.2
2026-04-23,5,2,5999.0,88,3,4,0,0,0,10,11,8,8.71,8.37
2026-04-24,5,2,5999.0,77,4,4,0,0,0,6,10,3,9.0,8.53
2026-04-25,5,2,5999.0,88,5,4,1,0,0,13,6,15,9.43,8.4
2026-04-26,5,2,5999.0,103,6,4,1,0,0,8,13,12,9.14,8.43
2026-04-27,5,2,5999.0,96,0,4,0,0,0,9,8,10,8.57,8.37
2026-04-28,5,2,5999.0,60,1,4,0,0,0,9,9,2,8.43,8.3
2026-04-29,5,2,5999.0,88,2,4,0,0,0,7,9,11,9.43,8.43
2026-04-30,5,2,5999.0,103,3,4,0,0,0,8,7,10,8.86,8.57
2026-05-01,5,2,5999.0,81,4,5,0,0,0,8,8,6,8.57,8.47
2026-05-02,5,2,5999.0,101,5,5,1,0,0,12,8,13,8.86,8.53
2026-05-03,5,2,5999.0,127,6,5,1,0,0,7,12,8,8.71,8.67
2026-05-04,5,2,5999.0,66,0,5,0,0,0,7,7,9,8.57,8.6
2026-05-05,5,2,5999.0,83,1,5,0,0,0,6,7,9,8.29,8.6
2026-05-06,5,2,5999.0,74,2,5,0,0,0,10,6,7,7.86,8.5
2026-05-07,5,2,5999.0,67,3,5,0,0,0,9,10,8,8.29,8.37
2026-05-08,5,2,5999.0,56,4,5,0,0,0,3,9,8,8.43,8.47
2026-05-09,5,2,5999.0,116,5,5,1,0,0,11,3,12,7.71,8.33
2026-05-10,5,2,5999.0,107,6,5,1,0,0,14,11,7,7.57,8.23
2026-05-11,5,2,5999.0,91,0,5,0,0,0,10,14,7,8.57,8.43
2026-05-12,5,2,5999.0,94,1,5,0,0,0,5,10,6,9.0,8.5
2026-05-13,5,2,5999.0,104,2,5,0,0,0,7,5,10,8.86,8.43
2026-05-14,5,2,5999.0,93,3,5,0,0,0,4,7,9,8.43,8.47
2026-05-15,5,2,5999.0,105,4,5,0,0,0,3,4,3,7.71,8.33
2026-05-16,5,2,5999.0,102,5,5,1,0,0,10,3,11,7.71,8.23
2026-05-17,5,2,5999.0,124,6,5,1,0,0,8,10,14,7.57,8.3
2026-05-18,5,2,5999.0,100,0,5,0,0,0,5,8,10,6.71,8.47
2026-05-19,5,2,5999.0,85,1,5,0,0,0,7,5,5,6.0,8.13
2026-05-20,5,2,5999.0,105,2,5,0,0,0,8,7,7,6.29,7.97
2026-05-21,5,2,5999.0,69,3,5,0,0,0,5,8,4,6.43,7.9
2026-05-22,5,2,5099.15,102,4,5,0,1,15,13,5,3,6.57,8.0
2026-05-23,5,2,5999.0,115,5,5,1,0,0,14,13,10,8.0,8.07
2026-05-24,5,2,5999.0,108,6,5,1,0,0,9,14,8,8.57,8.2
2026-05-25,5,2,5999.0,103,0,5,0,0,0,4,9,5,8.71,8.3
2026-05-26,5,2,5999.0,79,1,5,0,0,0,9,4,7,8.57,8.0
2026-05-27,5,2,5099.15,103,2,5,0,1,15,15,9,8,8.86,8.03
2026-05-28,5,2,5999.0,98,3,5,0,0,0,4,15,5,9.86,8.23
2026-05-29,5,2,5999.0,82,4,5,0,0,0,11,4,13,9.71,8.07
2026-05-30,5,2,5999.0,103,5,5,1,0,0,7,11,14,9.43,8.2
2026-05-31,5,2,5999.0,129,6,5,1,0,0,11,7,9,8.43,8.17
2026-06-01,5,2,5099.15,97,0,6,0,1,15,7,11,4,8.71,8.27
2026-06-02,5,2,5999.0,77,1,6,0,0,0,11,7,9,9.14,8.1
2026-06-03,5,2,5999.0,98,2,6,0,0,0,7,11,15,9.43,8.23
2026-06-04,5,2,4499.25,104,3,6,0,1,25,10,7,4,8.29,8.23
2026-06-05,5,2,5999.0,74,4,6,0,0,0,7,10,11,9.14,8.37
2026-06-06,5,2,5999.0,109,5,6,1,0,0,10,7,7,8.57,8.27
2026-06-07,5,2,4799.2,144,6,6,1,1,20,21,10,11,9.0,8.3
2026-06-08,5,2,5999.0,90,0,6,0,0,0,8,21,7,10.43,8.9
2026-06-09,5,2,5999.0,90,1,6,0,0,0,12,8,11,10.57,8.8
2026-06-10,5,2,5999.0,102,2,6,0,0,0,5,12,7,10.71,8.73
2026-06-11,5,2,4799.2,103,3,6,0,1,20,14,5,10,10.43,8.57
2026-06-12,5,2,5999.0,89,4,6,0,0,0,7,14,7,11.0,8.87
2026-06-13,5,2,5999.0,118,5,6,1,0,0,10,7,10,11.0,8.87
2026-06-14,5,2,5399.1,133,6,6,1,1,10,16,10,21,11.0,9.07
2026-06-15,5,2,5999.0,97,0,6,0,0,0,11,16,8,10.29,9.5
2026-06-16,5,2,5999.0,72,1,6,0,0,0,7,11,12,10.71,9.53
2026-06-17,5,2,5999.0,70,2,6,0,0,0,5,7,5,10.0,9.5
2026-06-18,5,2,5999.0,62,3,6,0,0,0,9,5,14,10.0,9.5
2026-06-19,5,2,5999.0,71,4,6,0,0,0,4,9,7,9.29,9.57
2026-06-20,5,2,5999.0,94,5,6,1,0,0,14,4,10,8.86,9.43
2026-06-21,5,2,5999.0,85,6,6,1,0,0,12,14,16,9.43,9.73
2026-06-22,5,2,5999.0,74,0,6,0,0,0,5,12,11,8.86,9.7
2026-06-23,5,2,5999.0,100,1,6,0,0,0,6,5,7,8.0,9.4
2026-06-24,5,2,5999.0,88,2,6,0,0,0,7,6,5,7.86,9.3
2026-06-25,5,2,5999.0,102,3,6,0,0,0,6,7,9,8.14,9.4
2026-06-26,5,2,5999.0,72,4,6,0,0,0,14,6,4,7.71,9.3
2026-06-27,5,2,5999.0,109,5,6,1,0,0,10,14,14,9.14,9.27
2026-06-28,5,2,5099.15,152,6,6,1,1,15,12,10,12,8.57,9.47
2026-06-29,5,2,5999.0,67,0,6,0,0,0,7,12,5,8.57,9.5
2026-06-30,5,2,5999.0,81,1,6,0,0,0,5,7,6,8.86,9.5
2026-07-01,5,2,5999.0,82,2,7,0,0,0,5,5,7,8.71,9.3
2026-07-02,5,2,5999.0,65,3,7,0,0,0,8,5,6,8.43,9.23
2026-07-03,5,2,5999.0,67,4,7,0,0,0,13,8,14,8.71,9.13
2026-07-04,5,2,5999.0,143,5,7,1,0,0,13,13,10,8.57,9.33
2026-07-05,5,2,5999.0,137,6,7,1,0,0,12,13,12,9.0,9.43
2026-07-06,5,2,5399.1,134,0,7,0,1,10,14,12,7,9.0,9.6
2026-07-07,5,2,5999.0,83,1,7,0,0,0,8,14,5,10.0,9.73
2026-07-08,5,2,5999.0,89,2,7,0,0,0,8,8,5,10.43,9.3
2026-07-09,5,2,5999.0,102,3,7,0,0,0,9,8,8,10.86,9.3
2026-07-10,5,2,5999.0,86,4,7,0,0,0,7,9,13,11.0,9.2
2026-07-11,5,2,5999.0,130,5,7,1,0,0,11,7,13,10.14,9.27
2026-07-12,5,2,5999.0,125,6,7,1,0,0,12,11,12,9.86,9.17
2026-07-13,5,2,5999.0,83,0,7,0,0,0,12,12,14,9.86,9.33
2026-07-14,5,2,5999.0,99,1,7,0,0,0,7,12,8,9.57,9.4
2026-07-15,5,2,5999.0,69,2,7,0,0,0,11,7,8,9.43,9.1
2026-07-16,5,2,5999.0,109,3,7,0,0,0,14,11,9,9.86,9.1
2026-07-17,5,2,5999.0,101,4,7,0,0,0,11,14,7,10.57,9.33
2026-07-18,5,2,4499.25,157,5,7,1,1,25,16,11,11,11.14,9.53
2026-07-19,5,2,5999.0,120,6,7,1,0,0,16,16,12,11.86,9.77
2026-07-20,5,2,5999.0,99,0,7,0,0,0,7,16,12,12.43,10.17
2026-07-21,5,2,5999.0,69,1,7,0,0,0,6,7,7,11.71,9.93
2026-07-22,5,2,5999.0,74,2,7,0,0,0,7,6,11,11.57,9.73
2026-07-23,5,2,5399.1,134,3,7,0,1,10,14,7,14,11.0,9.8
2026-07-24,5,2,5999.0,78,4,7,0,0,0,7,14,11,11.0,10.07
2026-07-25,5,2,5999.0,135,5,7,1,0,0,15,7,16,10.43,10.07
2026-07-26,5,2,5999.0,118,6,7,1,0,0,15,15,16,10.29,10.37
2026-07-27,5,2,5999.0,105,0,7,0,0,0,7,15,7,10.14,10.4
2026-07-28,5,2,4499.25,140,1,7,0,1,25,11,7,6,10.14,10.3
2026-07-29,5,2,5999.0,76,2,7,0,0,0,3,11,7,10.86,10.27
2026-07-30,5,2,5999.0,100,3,7,0,0,0,4,3,14,10.29,10.13
2026-07-31,5,2,5999.0,86,4,7,0,0,0,4,4,7,8.86,10.1
2026-08-01,5,2,4799.2,159,5,8,1,1,20,18,4,15,8.43,10.07
2026-08-02,5,2,5999.0,136,6,8,1,0,0,7,18,15,8.86,10.4
2026-08-03,5,2,5999.0,81,0,8,0,0,0,10,7,7,7.71,10.2
2026-08-04,5,2,5999.0,93,1,8,0,0,0,8,10,11,8.14,10.1
2026-08-05,5,2,5999.0,99,2,8,0,0,0,7,8,3,7.71,9.97
2026-08-06,5,2,5999.0,92,3,8,0,0,0,8,7,4,8.29,9.73
2026-08-07,5,2,5999.0,72,4,8,0,0,0,7,8,4,8.86,9.73
2026-08-08,5,2,5999.0,112,5,8,1,0,0,8,7,18,9.29,9.7
2026-08-09,5,2,5999.0,124,6,8,1,0,0,9,8,7,7.86,9.67
2026-08-10,5,2,5999.0,88,0,8,0,0,0,12,9,10,8.14,9.73
2026-08-11,5,2,5999.0,82,1,8,0,0,0,7,12,8,8.43,9.77
2026-08-12,5,2,5999.0,90,2,8,0,0,0,6,7,7,8.29,9.6
2026-08-13,5,2,5999.0,113,3,8,0,0,0,5,6,8,8.14,9.4
2026-08-14,5,2,5999.0,89,4,8,0,0,0,7,5,7,7.71,9.33
2026-08-15,5,2,5999.0,105,5,8,1,0,0,12,7,8,7.71,9.2
2026-08-16,5,2,5999.0,105,6,8,1,0,0,11,12,9,8.29,9.13
2026-08-17,5,2,5999.0,81,0,8,0,0,0,3,11,12,8.57,9.13
2026-08-18,5,2,5999.0,76,1,8,0,0,0,9,3,7,7.29,8.7
2026-08-19,5,2,5999.0,101,2,8,0,0,0,10,9,6,7.57,8.47
2026-08-20,5,2,4799.2,130,3,8,0,1,20,14,10,5,8.14,8.57
2026-08-21,5,2,5999.0,82,4,8,0,0,0,10,14,7,9.43,8.83
2026-08-22,5,2,5999.0,128,5,8,1,0,0,5,10,12,9.86,8.93
2026-08-23,5,2,5999.0,116,6,8,1,0,0,9,5,11,8.86,8.63
2026-08-24,5,2,5999.0,102,0,8,0,0,0,19,9,3,8.57,8.7
2026-08-25,5,2,5999.0,80,1,8,0,0,0,10,19,9,10.86,8.83
2026-08-26,5,2,5999.0,100,2,8,0,0,0,6,10,10,11.0,8.67
2026-08-27,5,2,5999.0,92,3,8,0,0,0,6,6,14,10.43,8.63
2026-08-28,5,2,5999.0,108,4,8,0,0,0,6,6,10,9.29,8.47
2026-08-29,5,2,5999.0,103,5,8,1,0,0,10,6,5,8.71,8.57
2026-08-30,5,2,5999.0,98,6,8,1,0,0,12,10,9,9.43,8.77
2026-08-31,5,2,5999.0,87,0,8,0,0,0,8,12,19,9.86,9.03
2026-09-01,5,2,5999.0,77,1,9,0,0,0,2,8,10,8.29,8.7
2026-09-02,5,2,5999.0,75,2,9,0,0,0,14,2,6,7.14,8.53
2026-09-03,5,2,5999.0,69,3,9,0,0,0,6,14,6,8.29,8.67
2026-09-04,5,2,5999.0,84,4,9,0,0,0,9,6,6,8.29,8.6
2026-09-05,5,2,5999.0,95,5,9,1,0,0,9,9,10,8.71,8.67
2026-09-06,5,2,5999.0,93,6,9,1,0,0,11,9,12,8.57,8.7
2026-09-07,5,2,5999.0,82,0,9,0,0,0,8,11,8,8.43,8.83
2026-09-08,5,2,5999.0,66,1,9,0,0,0,10,8,2,8.43,8.83
2026-09-09,5,2,5999.0,95,2,9,0,0,0,7,10,14,9.57,8.87
2026-09-10,5,2,5999.0,101,3,9,0,0,0,13,7,6,8.57,8.7
2026-09-11,5,2,5999.0,62,4,9,0,0,0,6,13,9,9.57,8.9
2026-09-12,5,2,5999.0,126,5,9,1,0,0,7,6,9,9.14,8.9
2026-09-13,5,2,5099.15,168,6,9,1,1,15,11,7,11,8.86,8.97
2026-09-14,5,2,4499.25,105,0,9,0,1,25,10,11,8,8.86,9.1
2026-09-15,5,2,5999.0,102,1,9,0,0,0,7,10,10,9.14,9.03
2026-09-16,5,2,5999.0,90,2,9,0,0,0,7,7,7,8.71,8.9
2026-09-17,5,2,5999.0,62,3,9,0,0,0,9,7,13,8.71,9.03
2026-09-18,5,2,5999.0,71,4,9,0,0,0,8,9,6,8.14,9.03
2026-09-19,5,2,5999.0,101,5,9,1,0,0,8,8,7,8.43,8.97
2026-09-20,5,2,5999.0,130,6,9,1,0,0,10,8,11,8.57,8.77
2026-09-21,5,2,5999.0,93,0,9,0,0,0,6,10,10,8.43,8.77
2026-09-22,5,2,5999.0,97,1,9,0,0,0,11,6,7,7.86,8.8
2026-09-23,5,2,5999.0,107,2,9,0,0,0,4,11,7,8.43,8.87
2026-09-24,5,2,5999.0,88,3,9,0,0,0,7,4,9,8.0,8.37
2026-09-25,5,2,5999.0,99,4,9,0,0,0,11,7,8,7.71,8.27
2026-09-26,5,2,5099.15,129,5,9,1,1,15,15,11,8,8.14,8.43
2025-09-26,6,3,24990.0,43,4,9,0,0,0,7,4,4,,
2025-09-27,6,3,18742.5,114,5,9,1,1,25,6,7,4,7.0,7.0
2025-09-28,6,3,24990.0,59,6,9,1,0,0,6,6,4,6.5,6.5
2025-09-29,6,3,24990.0,40,0,9,0,0,0,2,6,4,6.33,6.33
2025-09-30,6,3,24990.0,41,1,9,0,0,0,2,2,4,5.25,5.25
2025-10-01,6,3,24990.0,64,2,10,0,0,0,8,2,4,4.6,4.6
2025-10-02,6,3,24990.0,56,3,10,0,0,0,4,8,4,5.17,5.17
2025-10-03,6,3,24990.0,62,4,10,0,0,0,5,4,7,5.0,5.0
2025-10-04,6,3,24990.0,80,5,10,1,0,0,8,5,6,4.71,5.0
2025-10-05,6,3,24990.0,90,6,10,1,0,0,4,8,6,5.0,5.33
2025-10-06,6,3,24990.0,48,0,10,0,0,0,2,4,2,4.71,5.2
2025-10-07,6,3,24990.0,54,1,10,0,0,0,3,2,2,4.71,4.91
2025-10-08,6,3,24990.0,94,2,10,0,0,0,3,3,8,4.86,4.75
2025-10-09,6,3,24990.0,70,3,10,0,0,0,4,3,4,4.14,4.62
2025-10-10,6,3,24990.0,76,4,10,0,0,0,4,4,5,4.14,4.57
2025-10-11,6,3,24990.0,78,5,10,1,0,0,9,4,8,4.0,4.53
2025-10-12,6,3,24990.0,83,6,10,1,0,0,8,9,4,4.14,4.81
2025-10-13,6,3,24990.0,52,0,10,0,0,0,3,8,2,4.71,5.0
2025-10-14,6,3,24990.0,83,1,10,0,0,0,4,3,3,4.86,4.89
2025-10-15,6,3,24990.0,79,2,10,0,0,0,6,4,3,5.0,4.84
2025-10-16,6,3,24990.0,77,3,10,0,0,0,7,6,4,5.43,4.9
2025-10-17,6,3,21241.5,76,4,10,0,1,15,10,7,4,5.86,5.0
2025-10-18,6,3,24990.0,113,5,10,1,0,0,13,10,9,6.71,5.23
2025-10-19,6,3,18742.5,128,6,10,1,1,25,9,13,8,7.29,5.57
2025-10-20,6,3,24990.0,68,0,10,0,0,0,7,9,3,7.43,5.71
2025-10-21,6,3,24990.0,51,1,10,0,0,0,6,7,4,8.0,5.76
2025-10-22,6,3,24990.0,81,2,10,0,0,0,4,6,6,8.29,5.77
2025-10-23,6,3,24990.0,68,3,10,0,0,0,4,4,7,8.0,5.7
2025-10-24,6,3,24990.0,51,4,10,0,0,0,5,4,10,7.57,5.64
2025-10-25,6,3,24990.0,94,5,10,1,0,0,8,5,13,6.86,5.62
2025-10-26,6,3,24990.0,103,6,10,1,0,0,8,8,9,6.14,5.7
2025-10-27,6,3,24990.0,66,0,10,0,0,0,5,8,7,6.0,5.73
2025-10-28,6,3,24990.0,63,1,10,0,0,0,5,5,6,5.71,5.7
2025-10-29,6,3,24990.0,47,2,10,0,0,0,3,5,4,5.57,5.67
2025-10-30,6,3,24990.0,68,3,10,0,0,0,3,3,4,5.43,5.7
2025-10-31,6,3,24990.0,84,4,10,0,0,0,7,3,5,5.29,5.73
2025-11-01,6,3,24990.0,94,5,11,1,0,0,7,7,8,5.57,5.7
2025-11-02,6,3,24990.0,104,6,11,1,0,0,6,7,8,5.43,5.8
2025-11-03,6,3,24990.0,49,0,11,0,0,0,3,6,5,5.14,5.83
2025-11-04,6,3,24990.0,65,1,11,0,0,0,5,3,5,4.86,5.67
2025-11-05,6,3,24990.0,96,2,11,0,0,0,6,5,3,4.86,5.7
2025-11-06,6,3,24990.0,83,3,11,0,0,0,6,6,3,5.29,5.83
2025-11-07,6,3,24990.0,69,4,11,0,0,0,5,6,7,5.71,5.93
2025-11-08,6,3,24990.0,75,5,11,1,0,0,8,5,7,5.43,6.0
2025-11-09,6,3,24990.0,90,6,11,1,0,0,6,8,6,5.57,6.13
2025-11-10,6,3,24990.0,53,0,11,0,0,0,10,6,3,5.57,6.2
2025-11-11,6,3,24990.0,75,1,11,0,0,0,7,10,5,6.57,6.23
2025-11-12,6,3,22491.0,78,2,11,0,1,10,8,7,6,6.86,6.2
2025-11-13,6,3,24990.0,76,3,11,0,0,0,10,8,6,7.14,6.37
2025-11-14,6,3,24990.0,54,4,11,0,0,0,10,10,5,7.71,6.57
2025-11-15,6,3,24990.0,75,5,11,1,0,0,8,10,8,8.43,6.7
2025-11-16,6,3,24990.0,72,6,11,1,0,0,6,8,6,8.43,6.73
2025-11-17,6,3,24990.0,64,0,11,0,0,0,8,6,10,8.43,6.6
2025-11-18,6,3,18742.5,104,1,11,0,1,25,11,8,7,8.14,6.43
2025-11-19,6,3,24990.0,50,2,11,0,0,0,5,11,8,8.71,6.5
2025-11-20,6,3,24990.0,61,3,11,0,0,0,6,5,10,8.29,6.43
2025-11-21,6,3,24990.0,70,4,11,0,0,0,4,6,10,7.71,6.43
2025-11-22,6,3,24990.0,74,5,11,1,0,0,5,4,8,6.86,6.43
2025-11-23,6,3,24990.0,76,6,11,1,0,0,6,5,6,6.43,6.47
2025-11-24,6,3,24990.0,73,0,11,0,0,0,9,6,8,6.43,6.5
2025-11-25,6,3,18742.5,72,1,11,0,1,25,8,9,11,6.57,6.53
2025-11-26,6,3,19992.0,80,2,11,0,1,20,7,8,5,6.14,6.53
2025-11-27,6,3,24990.0,73,3,11,0,0,0,8,7,6,6.43,6.6
2025-11-28,6,3,24990.0,92,4,11,0,0,0,6,8,4,6.71,6.7
2025-11-29,6,3,24990.0,77,5,11,1,0,0,9,6,5,7.0,6.8
2025-11-30,6,3,24990.0,100,6,11,1,0,0,11,9,6,7.57,7.0
2025-12-01,6,3,24990.0,69,0,12,0,0,0,6,11,9,8.29,7.13
2025-12-02,6,3,24990.0,53,1,12,0,0,0,7,6,8,7.86,7.1
2025-12-03,6,3,24990.0,76,2,12,0,0,0,3,7,7,7.71,7.13
2025-12-04,6,3,24990.0,72,3,12,0,0,0,8,3,8,7.14,7.13
2025-12-05,6,3,24990.0,84,4,12,0,0,0,8,8,6,7.14,7.23
2025-12-06,6,3,24990.0,101,5,12,1,0,0,5,8,9,7.43,7.3
2025-12-07,6,3,24990.0,112,6,12,1,0,0,10,5,11,6.86,7.27
2025-12-08,6,3,24990.0,84,0,12,0,0,0,5,10,6,6.71,7.43
2025-12-09,6,3,24990.0,87,1,12,0,0,0,10,5,7,6.57,7.33
2025-12-10,6,3,24990.0,67,2,12,0,0,0,1,10,3,7.0,7.47
2025-12-11,6,3,18742.5,86,3,12,0,1,25,7,1,8,6.71,7.17
2025-12-12,6,3,24990.0,57,4,12,0,0,0,5,7,8,6.57,7.17
2025-12-13,6,3,24990.0,109,5,12,1,0,0,8,5,5,6.14,7.07
2025-12-14,6,3,24990.0,94,6,12,1,0,0,7,8,10,6.57,7.0
2025-12-15,6,3,24990.0,51,0,12,0,0,0,5,7,5,6.14,6.9
2025-12-16,6,3,24990.0,50,1,12,0,0,0,3,5,10,6.14,6.8
2025-12-17,6,3,22491.0,108,2,12,0,1,10,7,3,1,5.14,6.7
2025-12-18,6,3,18742.5,104,3,12,0,1,25,4,7,7,6.0,6.67
2025-12-19,6,3,24990.0,85,4,12,0,0,0,10,4,5,5.57,6.43
2025-12-20,6,3,24990.0,107,5,12,1,0,0,7,10,8,6.29,6.6
2025-12-21,6,3,24990.0,75,6,12,1,0,0,10,7,7,6.14,6.63
2025-12-22,6,3,24990.0,88,0,12,0,0,0,7,10,5,6.57,6.83
2025-12-23,6,3,18742.5,110,1,12,0,1,25,7,7,3,6.86,6.9
2025-12-24,6,3,24990.0,79,2,12,0,0,0,4,7,7,7.43,6.93
2025-12-25,6,3,24990.0,53,3,12,0,0,0,5,4,4,7.0,6.77
2025-12-26,6,3,24990.0,81,4,12,0,0,0,8,5,10,7.14,6.67
2025-12-27,6,3,24990.0,98,5,12,1,0,0,5,8,7,6.86,6.7
2025-12-28,6,3,24990.0,70,6,12,1,0,0,10,5,10,6.57,6.6
2025-12-29,6,3,24990.0,82,0,12,0,0,0,5,10,7,6.57,6.73
2025-12-30,6,3,24990.0,54,1,12,0,0,0,5,5,7,6.29,6.6
2025-12-31,6,3,24990.0,83,2,12,0,0,0,9,5,4,6.0,6.4
2026-01-01,6,3,24990.0,53,3,1,0,0,0,4,9,5,6.71,6.5
2026-01-02,6,3,24990.0,61,4,1,0,0,0,2,4,8,6.57,6.4
2026-01-03,6,3,24990.0,72,5,1,1,0,0,6,2,5,5.71,6.37
2026-01-04,6,3,24990.0,60,6,1,1,0,0,4,6,10,5.86,6.3
2026-01-05,6,3,24990.0,52,0,1,0,0,0,1,4,5,5.0,6.17
2026-01-06,6,3,24990.0,77,1,1,0,0,0,6,1,5,4.43,6.03
2026-01-07,6,3,24990.0,76,2,1,0,0,0,4,6,9,4.57,5.9
2026-01-08,6,3,24990.0,56,3,1,0,0,0,4,4,4,3.86,5.87
2026-01-09,6,3,24990.0,70,4,1,0,0,0,9,4,2,3.86,5.67
2026-01-10,6,3,24990.0,99,5,1,1,0,0,9,9,6,4.86,5.93
2026-01-11,6,3,21241.5,96,6,1,1,1,15,5,9,4,5.29,6.0
2026-01-12,6,3,24990.0,42,0,1,0,0,0,7,5,1,5.43,6.0
2026-01-13,6,3,24990.0,73,1,1,0,0,0,3,7,6,6.29,5.97
2026-01-14,6,3,24990.0,78,2,1,0,0,0,7,3,4,5.86,5.83
2026-01-15,6,3,24990.0,54,3,1,0,0,0,2,7,4,6.29,5.9
2026-01-16,6,3,21241.5,94,4,1,0,1,15,3,2,9,6.0,5.87
2026-01-17,6,3,24990.0,83,5,1,1,0,0,6,3,9,5.14,5.73
2026-01-18,6,3,24990.0,86,6,1,1,0,0,9,6,5,4.71,5.8
2026-01-19,6,3,24990.0,47,0,1,0,0,0,5,9,7,5.29,5.77
2026-01-20,6,3,24990.0,72,1,1,0,0,0,4,5,3,5.0,5.7
2026-01-21,6,3,24990.0,52,2,1,0,0,0,5,4,7,5.14,5.5
2026-01-22,6,3,24990.0,45,3,1,0,0,0,4,5,2,4.86,5.43
2026-01-23,6,3,24990.0,66,4,1,0,0,0,5,4,3,5.14,5.33
2026-01-24,6,3,24990.0,79,5,1,1,0,0,7,5,6,5.43,5.37
2026-01-25,6,3,24990.0,86,6,1,1,0,0,2,7,9,5.57,5.43
2026-01-26,6,3,19992.0,57,0,1,0,1,20,5,2,5,4.57,5.23
2026-01-27,6,3,18742.5,77,1,1,0,1,25,5,5,4,4.57,5.23
2026-01-28,6,3,24990.0,82,2,1,0,0,0,4,5,5,4.71,5.07
2026-01-29,6,3,18742.5,92,3,1,0,1,25,7,4,4,4.57,5.03
2026-01-30,6,3,24990.0,37,4,1,0,0,0,6,7,5,5.0,5.1
2026-01-31,6,3,24990.0,92,5,1,1,0,0,5,6,7,5.14,5.0
2026-02-01,6,3,24990.0,80,6,2,1,0,0,5,5,2,4.86,5.03
2026-02-02,6,3,24990.0,56,0,2,0,0,0,3,5,5,5.29,5.13
2026-02-03,6,3,24990.0,71,1,2,0,0,0,1,3,5,5.0,5.03
2026-02-04,6,3,24990.0,41,2,2,0,0,0,3,1,4,4.43,4.93
2026-02-05,6,3,24990.0,43,3,2,0,0,0,6,3,7,4.29,5.0
2026-02-06,6,3,24990.0,53,4,2,0,0,0,7,6,6,4.14,5.0
2026-02-07,6,3,24990.0,53,5,2,1,0,0,2,7,5,4.29,5.1
2026-02-08,6,3,24990.0,82,6,2,1,0,0,4,2,5,3.86,5.03
2026-02-09,6,3,24990.0,41,0,2,0,0,0,4,4,3,3.71,4.87
2026-02-10,6,3,24990.0,51,1,2,0,0,0,3,4,1,3.86,4.7
2026-02-11,6,3,24990.0,64,2,2,0,0,0,5,3,3,4.14,4.63
2026-02-12,6,3,24990.0,45,3,2,0,0,0,6,5,6,4.43,4.57
2026-02-13,6,3,19992.0,65,4,2,0,1,20,6,6,7,4.43,4.67
2026-02-14,6,3,24990.0,63,5,2,1,0,0,6,6,2,4.29,4.63
2026-02-15,6,3,24990.0,53,6,2,1,0,0,9,6,4,4.86,4.77
2026-02-16,6,3,24990.0,61,0,2,0,0,0,7,9,4,5.57,4.97
2026-02-17,6,3,24990.0,69,1,2,0,0,0,4,7,3,6.0,5.0
2026-02-18,6,3,24990.0,44,2,2,0,0,0,2,4,5,6.14,4.83
2026-02-19,6,3,22491.0,63,3,2,0,1,10,3,2,6,5.71,4.73
2026-02-20,6,3,24990.0,78,4,2,0,0,0,5,3,6,5.29,4.7
2026-02-21,6,3,24990.0,57,5,2,1,0,0,5,5,6,5.14,4.7
2026-02-22,6,3,24990.0,82,6,2,1,0,0,5,5,9,5.0,4.73
2026-02-23,6,3,22491.0,58,0,2,0,1,10,12,5,7,4.43,4.73
2026-02-24,6,3,24990.0,61,1,2,0,0,0,9,12,4,5.14,4.9
2026-02-25,6,3,24990.0,62,2,2,0,0,0,4,9,2,5.86,5.13
2026-02-26,6,3,24990.0,64,3,2,0,0,0,5,4,3,6.14,5.1
2026-02-27,6,3,24990.0,73,4,2,0,0,0,3,5,5,6.43,5.1
2026-02-28,6,3,19992.0,110,5,2,1,1,20,9,3,5,6.14,5.07
2026-03-01,6,3,24990.0,60,6,3,1,0,0,7,9,5,6.71,5.13
2026-03-02,6,3,24990.0,41,0,3,0,0,0,7,7,12,7.0,5.17
2026-03-03,6,3,24990.0,76,1,3,0,0,0,6,7,9,6.29,5.23
2026-03-04,6,3,24990.0,66,2,3,0,0,0,2,6,4,5.86,5.27
2026-03-05,6,3,18742.5,93,3,3,0,1,25,6,2,5,5.57,5.23
2026-03-06,6,3,24990.0,77,4,3,0,0,0,6,6,3,5.71,5.4
2026-03-07,6,3,21241.5,115,5,3,1,1,15,4,6,9,6.14,5.5
2026-03-08,6,3,24990.0,55,6,3,1,0,0,9,4,7,5.43,5.43
2026-03-09,6,3,24990.0,78,0,3,0,0,0,2,9,7,5.71,5.5
2026-03-10,6,3,24990.0,68,1,3,0,0,0,5,2,6,5.0,5.5
2026-03-11,6,3,24990.0,64,2,3,0,0,0,5,5,2,4.86,5.53
2026-03-12,6,3,24990.0,76,3,3,0,0,0,4,5,6,5.29,5.57
2026-03-13,6,3,24990.0,64,4,3,0,0,0,9,4,6,5.0,5.6
2026-03-14,6,3,18742.5,87,5,3,1,1,25,8,9,4,5.43,5.73
2026-03-15,6,3,24990.0,89,6,3,1,0,0,4,8,9,6.0,5.8
2026-03-16,6,3,24990.0,32,0,3,0,0,0,10,4,2,5.29,5.73
2026-03-17,6,3,24990.0,72,1,3,0,0,0,4,10,5,6.43,5.87
2026-03-18,6,3,24990.0,43,2,3,0,0,0,2,4,5,6.29,5.7
2026-03-19,6,3,24990.0,59,3,3,0,0,0,9,2,4,5.86,5.53
2026-03-20,6,3,24990.0,77,4,3,0,0,0,8,9,9,6.57,5.7
2026-03-21,6,3,24990.0,74,5,3,1,0,0,4,8,8,6.43,5.9
2026-03-22,6,3,24990.0,55,6,3,1,0,0,2,4,4,5.86,5.93
2026-03-23,6,3,24990.0,66,0,3,0,0,0,2,2,10,5.57,5.83
2026-03-24,6,3,24990.0,44,1,3,0,0,0,3,2,4,4.43,5.73
2026-03-25,6,3,18742.5,55,2,3,0,1,25,7,3,2,4.29,5.67
2026-03-26,6,3,24990.0,64,3,3,0,0,0,0,7,9,5.0,5.5
2026-03-27,6,3,24990.0,54,4,3,0,0,0,1,0,8,3.71,5.2
2026-03-28,6,3,24990.0,64,5,3,1,0,0,4,1,4,2.71,5.1
2026-03-29,6,3,24990.0,66,6,3,1,0,0,5,4,2,2.71,5.07
2026-03-30,6,3,24990.0,49,0,3,0,0,0,4,5,2,3.14,5.13
2026-03-31,6,3,24990.0,56,1,3,0,0,0,6,4,3,3.43,4.97
2026-04-01,6,3,24990.0,66,2,4,0,0,0,2,6,7,3.86,4.93
2026-04-02,6,3,24990.0,55,3,4,0,0,0,5,2,0,3.14,4.77
2026-04-03,6,3,24990.0,65,4,4,0,0,0,6,5,1,3.86,4.73
2026-04-04,6,3,24990.0,80,5,4,1,0,0,4,6,4,4.57,4.87
2026-04-05,6,3,24990.0,84,6,4,1,0,0,7,4,5,4.57,4.8
2026-04-06,6,3,24990.0,78,0,4,0,0,0,5,7,4,4.86,4.83
2026-04-07,6,3,24990.0,69,1,4,0,0,0,2,5,6,5.0,4.87
2026-04-08,6,3,24990.0,43,2,4,0,0,0,6,2,2,4.43,4.63
2026-04-09,6,3,24990.0,76,3,4,0,0,0,1,6,5,5.0,4.77
2026-04-10,6,3,24990.0,59,4,4,0,0,0,6,1,6,4.43,4.63
2026-04-11,6,3,24990.0,50,5,4,1,0,0,4,6,4,4.43,4.67
2026-04-12,6,3,24990.0,91,6,4,1,0,0,8,4,7,4.43,4.67
2026-04-13,6,3,24990.0,77,0,4,0,0,0,4,8,5,4.57,4.63
2026-04-14,6,3,24990.0,67,1,4,0,0,0,5,4,2,4.43,4.5
2026-04-15,6,3,24990.0,35,2,4,0,0,0,4,5,6,4.86,4.53
2026-04-16,6,3,24990.0,53,3,4,0,0,0,2,4,1,4.57,4.33
2026-04-17,6,3,24990.0,64,4,4,0,0,0,2,2,6,4.71,4.27
2026-04-18,6,3,21241.5,104,5,4,1,1,15,13,2,4,4.14,4.27
2026-04-19,6,3,24990.0,75,6,4,1,0,0,7,13,8,5.43,4.4
2026-04-20,6,3,24990.0,62,0,4,0,0,0,2,7,4,5.29,4.37
2026-04-21,6,3,24990.0,64,1,4,0,0,0,3,2,5,5.0,4.3
2026-04-22,6,3,24990.0,52,2,4,0,0,0,4,3,4,4.71,4.33
2026-04-23,6,3,24990.0,55,3,4,0,0,0,2,4,2,4.71,4.4
2026-04-24,6,3,24990.0,53,4,4,0,0,0,2,2,2,4.71,4.37
2026-04-25,6,3,24990.0,74,5,4,1,0,0,11,2,13,4.71,4.2
2026-04-26,6,3,24990.0,57,6,4,1,0,0,4,11,7,4.43,4.57
2026-04-27,6,3,24990.0,56,0,4,0,0,0,3,4,2,4.0,4.67
2026-04-28,6,3,24990.0,49,1,4,0,0,0,4,3,3,4.14,4.63
2026-04-29,6,3,24990.0,43,2,4,0,0,0,2,4,4,4.29,4.6
2026-04-30,6,3,24990.0,54,3,4,0,0,0,7,2,2,4.0,4.53
2026-05-01,6,3,24990.0,53,4,5,0,0,0,4,7,2,4.71,4.57
2026-05-02,6,3,24990.0,70,5,5,1,0,0,11,4,11,5.0,4.63
2026-05-03,6,3,24990.0,53,6,5,1,0,0,3,11,4,5.0,4.83
2026-05-04,6,3,24990.0,63,0,5,0,0,0,2,3,3,4.86,4.73
2026-05-05,6,3,24990.0,41,1,5,0,0,0,5,2,4,4.71,4.67
2026-05-06,6,3,24990.0,52,2,5,0,0,0,8,5,2,4.86,4.6
2026-05-07,6,3,24990.0,50,3,5,0,0,0,8,8,7,5.71,4.7
2026-05-08,6,3,18742.5,59,4,5,0,1,25,4,8,4,5.86,4.9
2026-05-09,6,3,24990.0,49,5,5,1,0,0,7,4,11,5.86,4.83
2026-05-10,6,3,24990.0,70,6,5,1,0,0,4,7,3,5.29,5.03
2026-05-11,6,3,24990.0,60,0,5,0,0,0,1,4,2,5.43,4.97
2026-05-12,6,3,24990.0,43,1,5,0,0,0,6,1,5,5.29,4.87
2026-05-13,6,3,24990.0,46,2,5,0,0,0,4,6,8,5.43,4.8
2026-05-14,6,3,19992.0,63,3,5,0,1,20,5,4,8,4.86,4.8
2026-05-15,6,3,24990.0,49,4,5,0,0,0,2,5,4,4.43,4.8
2026-05-16,6,3,24990.0,52,5,5,1,0,0,6,2,7,4.14,4.73
2026-05-17,6,3,24990.0,66,6,5,1,0,0,8,6,4,4.0,4.87
2026-05-18,6,3,24990.0,86,0,5,0,0,0,8,8,1,4.57,5.07
2026-05-19,6,3,21241.5,87,1,5,0,1,15,3,8,6,5.57,4.9
2026-05-20,6,3,24990.0,56,2,5,0,0,0,3,3,4,5.14,4.77
2026-05-21,6,3,24990.0,54,3,5,0,0,0,4,3,5,5.0,4.8
2026-05-22,6,3,24990.0,47,4,5,0,0,0,3,4,2,4.86,4.83
2026-05-23,6,3,18742.5,113,5,5,1,1,25,10,3,6,5.0,4.8
2026-05-24,6,3,24990.0,84,6,5,1,0,0,8,10,8,5.57,5.07
2026-05-25,6,3,24990.0,55,0,5,0,0,0,6,8,8,5.57,5.27
2026-05-26,6,3,24990.0,76,1,5,0,0,0,2,6,3,5.29,5.1
2026-05-27,6,3,22491.0,82,2,5,0,1,10,6,2,3,5.14,5.03
2026-05-28,6,3,24990.0,39,3,5,0,0,0,3,6,4,5.57,5.13
2026-05-29,6,3,24990.0,59,4,5,0,0,0,5,3,3,5.43,5.1
2026-05-30,6,3,24990.0,88,5,5,1,0,0,4,5,10,5.71,5.2
2026-05-31,6,3,24990.0,78,6,5,1,0,0,6,4,8,4.86,5.1
2026-06-01,6,3,24990.0,70,0,6,0,0,0,5,6,6,4.57,5.17
2026-06-02,6,3,24990.0,44,1,6,0,0,0,2,5,2,4.43,4.97
2026-06-03,6,3,24990.0,51,2,6,0,0,0,4,2,6,4.43,4.93
2026-06-04,6,3,24990.0,70,3,6,0,0,0,3,4,3,4.14,5.0
2026-06-05,6,3,24990.0,45,4,6,0,0,0,3,3,5,4.14,4.93
2026-06-06,6,3,24990.0,94,5,6,1,0,0,5,3,4,3.86,4.77
2026-06-07,6,3,24990.0,53,6,6,1,0,0,3,5,6,4.0,4.67
2026-06-08,6,3,22491.0,67,0,6,0,1,10,8,3,5,3.57,4.63
2026-06-09,6,3,24990.0,64,1,6,0,0,0,2,8,2,4.0,4.67
2026-06-10,6,3,24990.0,35,2,6,0,0,0,4,2,4,4.0,4.6
2026-06-11,6,3,21241.5,73,3,6,0,1,15,7,4,3,4.0,4.7
2026-06-12,6,3,24990.0,66,4,6,0,0,0,3,7,3,4.57,4.73
2026-06-13,6,3,24990.0,86,5,6,1,0,0,5,3,5,4.57,4.7
2026-06-14,6,3,24990.0,65,6,6,1,0,0,7,5,3,4.57,4.7
2026-06-15,6,3,24990.0,47,0,6,0,0,0,1,7,8,5.14,4.87
2026-06-16,6,3,24990.0,36,1,6,0,0,0,2,1,2,4.14,4.7
2026-06-17,6,3,18742.5,82,2,6,0,1,25,8,2,4,4.14,4.5
2026-06-18,6,3,24990.0,85,3,6,0,0,0,4,8,7,4.71,4.5
2026-06-19,6,3,24990.0,81,4,6,0,0,0,7,4,3,4.29,4.53
2026-06-20,6,3,24990.0,78,5,6,1,0,0,6,7,5,4.86,4.67
2026-06-21,6,3,19992.0,117,6,6,1,1,20,12,6,7,5.0,4.73
2026-06-22,6,3,24990.0,66,0,6,0,0,0,1,12,1,5.71,5.03
2026-06-23,6,3,24990.0,54,1,6,0,0,0,3,1,2,5.71,4.73
2026-06-24,6,3,24990.0,75,2,6,0,0,0,0,3,8,5.86,4.57
2026-06-25,6,3,24990.0,74,3,6,0,0,0,4,0,4,4.71,4.37
2026-06-26,6,3,24990.0,55,4,6,0,0,0,4,4,7,4.71,4.43
2026-06-27,6,3,24990.0,51,5,6,1,0,0,4,4,6,4.29,4.37
2026-06-28,6,3,24990.0,59,6,6,1,0,0,6,4,12,4.0,4.4
2026-06-29,6,3,24990.0,31,0,6,0,0,0,3,6,1,3.14,4.43
2026-06-30,6,3,24990.0,43,1,6,0,0,0,8,3,3,3.43,4.4
2026-07-01,6,3,24990.0,67,2,7,0,0,0,6,8,0,4.14,4.47
2026-07-02,6,3,24990.0,57,3,7,0,0,0,1,6,4,5.0,4.5
2026-07-03,6,3,24990.0,65,4,7,0,0,0,3,1,4,4.57,4.47
2026-07-04,6,3,24990.0,78,5,7,1,0,0,9,3,4,4.43,4.43
2026-07-05,6,3,24990.0,84,6,7,1,0,0,8,9,6,5.14,4.63
2026-07-06,6,3,21241.5,85,0,7,0,1,15,7,8,3,5.43,4.8
2026-07-07,6,3,24990.0,62,1,7,0,0,0,4,7,8,6.0,4.87
2026-07-08,6,3,24990.0,83,2,7,0,0,0,10,4,6,5.43,4.9
2026-07-09,6,3,21241.5,83,3,7,0,1,15,7,10,1,6.0,4.97
2026-07-10,6,3,24990.0,79,4,7,0,0,0,4,7,3,6.86,5.13
2026-07-11,6,3,24990.0,63,5,7,1,0,0,4,4,9,7.0,5.13
2026-07-12,6,3,24990.0,87,6,7,1,0,0,11,4,8,6.29,5.03
2026-07-13,6,3,22491.0,63,0,7,0,1,10,8,11,7,6.71,5.3
2026-07-14,6,3,24990.0,68,1,7,0,0,0,10,8,4,6.86,5.4
2026-07-15,6,3,24990.0,59,2,7,0,0,0,1,10,10,7.71,5.5
2026-07-16,6,3,24990.0,64,3,7,0,0,0,3,1,7,6.43,5.5
2026-07-17,6,3,24990.0,61,4,7,0,0,0,5,3,4,5.86,5.53
2026-07-18,6,3,18742.5,124,5,7,1,1,25,13,5,4,6.0,5.43
2026-07-19,6,3,24990.0,99,6,7,1,0,0,8,13,11,7.29,5.73
2026-07-20,6,3,24990.0,36,0,7,0,0,0,5,8,8,6.86,5.77
2026-07-21,6,3,24990.0,64,1,7,0,0,0,5,5,10,6.43,5.73
2026-07-22,6,3,24990.0,70,2,7,0,0,0,6,5,1,5.71,5.5
2026-07-23,6,3,24990.0,77,3,7,0,0,0,4,6,3,6.43,5.67
2026-07-24,6,3,24990.0,68,4,7,0,0,0,6,4,5,6.57,5.7
2026-07-25,6,3,24990.0,82,5,7,1,0,0,8,6,13,6.71,5.9
2026-07-26,6,3,24990.0,96,6,7,1,0,0,6,8,8,6.0,6.03
2026-07-27,6,3,24990.0,50,0,7,0,0,0,4,6,5,5.71,6.1
2026-07-28,6,3,24990.0,80,1,7,0,0,0,3,4,5,5.57,6.1
2026-07-29,6,3,24990.0,50,2,7,0,0,0,5,3,6,5.29,6.0
2026-07-30,6,3,24990.0,46,3,7,0,0,0,1,5,4,5.14,6.07
2026-07-31,6,3,21241.5,82,4,7,0,1,15,10,1,6,4.71,5.83
2026-08-01,6,3,24990.0,59,5,8,1,0,0,4,10,8,5.29,5.97
2026-08-02,6,3,24990.0,58,6,8,1,0,0,3,4,6,4.71,6.07
2026-08-03,6,3,19992.0,67,0,8,0,1,20,5,3,4,4.29,6.07
2026-08-04,6,3,24990.0,44,1,8,0,0,0,8,5,3,4.43,5.93
2026-08-05,6,3,24990.0,49,2,8,0,0,0,6,8,5,5.14,5.93
2026-08-06,6,3,24990.0,83,3,8,0,0,0,4,6,1,5.29,5.9
2026-08-07,6,3,24990.0,44,4,8,0,0,0,3,4,10,5.71,5.9
2026-08-08,6,3,24990.0,88,5,8,1,0,0,6,3,4,4.71,5.67
2026-08-09,6,3,24990.0,84,6,8,1,0,0,4,6,3,5.0,5.63
2026-08-10,6,3,24990.0,69,0,8,0,0,0,5,4,5,5.14,5.63
2026-08-11,6,3,24990.0,73,1,8,0,0,0,5,5,8,5.14,5.67
2026-08-12,6,3,24990.0,53,2,8,0,0,0,4,5,6,4.71,5.47
2026-08-13,6,3,24990.0,54,3,8,0,0,0,3,4,4,4.43,5.33
2026-08-14,6,3,24990.0,75,4,8,0,0,0,5,3,3,4.29,5.1
2026-08-15,6,3,24990.0,64,5,8,1,0,0,14,5,6,4.57,5.23
2026-08-16,6,3,24990.0,95,6,8,1,0,0,7,14,4,5.71,5.6
2026-08-17,6,3,24990.0,85,0,8,0,0,0,8,7,5,6.14,5.67
2026-08-18,6,3,24990.0,44,1,8,0,0,0,3,8,5,6.57,5.5
2026-08-19,6,3,19992.0,80,2,8,0,1,20,6,3,4,6.29,5.33
2026-08-20,6,3,24990.0,42,3,8,0,0,0,2,6,3,6.57,5.37
2026-08-21,6,3,24990.0,60,4,8,0,0,0,5,2,5,6.43,5.27
2026-08-22,6,3,24990.0,67,5,8,1,0,0,11,5,14,6.43,5.23
2026-08-23,6,3,24990.0,86,6,8,1,0,0,7,11,7,6.0,5.47
2026-08-24,6,3,24990.0,77,0,8,0,0,0,5,7,8,6.0,5.5
2026-08-25,6,3,24990.0,48,1,8,0,0,0,4,5,3,5.57,5.4
2026-08-26,6,3,24990.0,56,2,8,0,0,0,3,4,6,5.71,5.33
2026-08-27,6,3,24990.0,41,3,8,0,0,0,1,3,2,5.29,5.3
2026-08-28,6,3,24990.0,49,4,8,0,0,0,4,1,5,5.14,5.23
2026-08-29,6,3,24990.0,66,5,8,1,0,0,9,4,11,5.0,5.2
2026-08-30,6,3,24990.0,63,6,8,1,0,0,12,9,7,4.71,5.47
2026-08-31,6,3,24990.0,52,0,8,0,0,0,3,12,5,5.43,5.53
2026-09-01,6,3,24990.0,51,1,9,0,0,0,4,3,4,5.14,5.5
2026-09-02,6,3,24990.0,56,2,9,0,0,0,5,4,3,5.14,5.53
2026-09-03,6,3,21241.5,90,3,9,0,1,15,9,5,1,5.43,5.53
2026-09-04,6,3,24990.0,51,4,9,0,0,0,9,9,4,6.57,5.57
2026-09-05,6,3,24990.0,88,5,9,1,0,0,8,9,9,7.29,5.67
2026-09-06,6,3,24990.0,74,6,9,1,0,0,5,8,12,7.14,5.8
2026-09-07,6,3,24990.0,59,0,9,0,0,0,2,5,3,6.14,5.87
2026-09-08,6,3,24990.0,76,1,9,0,0,0,10,2,4,6.0,5.73
2026-09-09,6,3,24990.0,57,2,9,0,0,0,3,10,5,6.86,5.93
2026-09-10,6,3,22491.0,73,3,9,0,1,10,6,3,9,6.57,5.87
2026-09-11,6,3,24990.0,72,4,9,0,0,0,3,6,9,6.14,5.9
2026-09-12,6,3,24990.0,92,5,9,1,0,0,6,3,8,5.29,5.87
2026-09-13,6,3,24990.0,72,6,9,1,0,0,5,6,5,5.0,5.97
2026-09-14,6,3,24990.0,67,0,9,0,0,0,6,5,2,5.0,5.97
2026-09-15,6,3,24990.0,67,1,9,0,0,0,5,6,10,5.57,5.7
2026-09-16,6,3,24990.0,70,2,9,0,0,0,5,5,3,4.86,5.63
2026-09-17,6,3,24990.0,51,3,9,0,0,0,6,5,6,5.14,5.53
2026-09-18,6,3,24990.0,76,4,9,0,0,0,2,6,3,5.14,5.63
2026-09-19,6,3,24990.0,67,5,9,1,0,0,5,2,6,5.0,5.5
2026-09-20,6,3,24990.0,58,6,9,1,0,0,12,5,5,4.86,5.6
2026-09-21,6,3,24990.0,65,0,9,0,0,0,9,12,6,5.86,5.83
2026-09-22,6,3,24990.0,75,1,9,0,0,0,5,9,5,6.29,5.77
2026-09-23,6,3,24990.0,74,2,9,0,0,0,5,5,5,6.29,5.7
2026-09-24,6,3,19992.0,57,3,9,0,1,20,0,5,6,6.29,5.7
2026-09-25,6,3,24990.0,49,4,9,0,0,0,4,0,2,5.43,5.57
2026-09-26,6,3,24990.0,84,5,9,1,0,0,9,4,5,5.71,5.6
2025-09-26,7,3,3999.0,138,4,9,0,0,0,10,12,12,,
2025-09-27,7,3,3999.0,146,5,9,1,0,0,21,10,12,10.0,10.0
2025-09-28,7,3,3999.0,159,6,9,1,0,0,17,21,12,15.5,15.5
2025-09-29,7,3,3999.0,129,0,9,0,0,0,13,17,12,16.0,16.0
2025-09-30,7,3,3999.0,108,1,9,0,0,0,9,13,12,15.25,15.25
2025-10-01,7,3,3999.0,156,2,10,0,0,0,21,9,12,14.0,14.0
2025-10-02,7,3,3999.0,148,3,10,0,0,0,18,21,12,15.17,15.17
2025-10-03,7,3,3999.0,145,4,10,0,0,0,15,18,10,15.57,15.57
2025-10-04,7,3,3999.0,229,5,10,1,0,0,22,15,21,16.29,15.5
2025-10-05,7,3,3999.0,199,6,10,1,0,0,17,22,17,16.43,16.22
2025-10-06,7,3,3999.0,168,0,10,0,0,0,18,17,13,16.43,16.3
2025-10-07,7,3,3999.0,170,1,10,0,0,0,13,18,9,17.14,16.45
2025-10-08,7,3,3999.0,156,2,10,0,0,0,11,13,21,17.71,16.17
2025-10-09,7,3,3199.2,229,3,10,0,1,20,30,11,18,16.29,15.77
2025-10-10,7,3,3999.0,178,4,10,0,0,0,13,30,15,18.0,16.79
2025-10-11,7,3,3999.0,212,5,10,1,0,0,22,13,22,17.71,16.53
2025-10-12,7,3,3999.0,196,6,10,1,0,0,24,22,17,17.71,16.88
2025-10-13,7,3,3999.0,142,0,10,0,0,0,18,24,18,18.71,17.29
2025-10-14,7,3,3999.0,132,1,10,0,0,0,8,18,13,18.71,17.33
2025-10-15,7,3,3999.0,132,2,10,0,0,0,19,8,11,18.0,16.84
2025-10-16,7,3,3999.0,181,3,10,0,0,0,13,19,30,19.14,16.95
2025-10-17,7,3,3999.0,147,4,10,0,0,0,12,13,13,16.71,16.76
2025-10-18,7,3,3999.0,208,5,10,1,0,0,14,12,22,16.57,16.55
2025-10-19,7,3,3999.0,223,6,10,1,0,0,25,14,24,15.43,16.43
2025-10-20,7,3,3999.0,163,0,10,0,0,0,13,25,18,15.57,16.79
2025-10-21,7,3,3999.0,131,1,10,0,0,0,13,13,8,14.86,16.64
2025-10-22,7,3,3999.0,168,2,10,0,0,0,14,13,19,15.57,16.5
2025-10-23,7,3,3199.2,232,3,10,0,1,20,21,14,13,14.86,16.41
2025-10-24,7,3,3999.0,163,4,10,0,0,0,15,21,12,16.0,16.57
2025-10-25,7,3,3999.0,209,5,10,1,0,0,18,15,14,16.43,16.52
2025-10-26,7,3,3999.0,192,6,10,1,0,0,23,18,25,17.0,16.57
2025-10-27,7,3,3999.0,165,0,10,0,0,0,14,23,13,16.71,17.0
2025-10-28,7,3,3999.0,148,1,10,0,0,0,15,14,13,16.86,16.77
2025-10-29,7,3,3999.0,159,2,10,0,0,0,23,15,14,17.14,16.7
2025-10-30,7,3,3999.0,136,3,10,0,0,0,13,23,21,18.43,17.03
2025-10-31,7,3,3999.0,158,4,10,0,0,0,18,13,15,17.29,17.17
2025-11-01,7,3,3999.0,217,5,11,1,0,0,15,18,18,17.71,17.07
2025-11-02,7,3,3999.0,226,6,11,1,0,0,14,15,23,17.29,16.97
2025-11-03,7,3,3999.0,134,0,11,0,0,0,19,14,14,16.0,16.93
2025-11-04,7,3,3999.0,174,1,11,0,0,0,17,19,15,16.71,16.83
2025-11-05,7,3,3999.0,177,2,11,0,0,0,13,17,23,17.0,16.83
2025-11-06,7,3,3999.0,161,3,11,0,0,0,10,13,13,15.57,16.67
2025-11-07,7,3,3999.0,179,4,11,0,0,0,12,10,18,15.14,16.57
2025-11-08,7,3,3199.2,295,5,11,1,1,20,37,12,15,14.29,16.6
2025-11-09,7,3,3999.0,221,6,11,1,0,0,24,37,14,17.43,16.83
2025-11-10,7,3,3999.0,157,0,11,0,0,0,22,24,19,18.86,17.2
2025-11-11,7,3,3999.0,174,1,11,0,0,0,19,22,17,19.29,17.2
2025-11-12,7,3,3999.0,146,2,11,0,0,0,12,19,13,19.57,17.03
2025-11-13,7,3,3999.0,157,3,11,0,0,0,16,12,10,19.43,16.83
2025-11-14,7,3,3999.0,163,4,11,0,0,0,9,16,12,20.29,17.1
2025-11-15,7,3,3999.0,232,5,11,1,0,0,26,9,37,19.86,16.77
2025-11-16,7,3,2999.25,321,6,11,1,1,25,41,26,24,18.29,17.2
2025-11-17,7,3,3999.0,150,0,11,0,0,0,22,41,22,20.71,18.17
2025-11-18,7,3,3999.0,145,1,11,0,0,0,11,22,19,20.71,18.43
2025-11-19,7,3,3999.0,181,2,11,0,0,0,8,11,12,19.57,17.97
2025-11-20,7,3,3999.0,147,3,11,0,0,0,18,8,16,19.0,17.8
2025-11-21,7,3,3999.0,164,4,11,0,0,0,8,18,9,19.29,17.97
2025-11-22,7,3,3999.0,194,5,11,1,0,0,18,8,26,19.14,17.77
2025-11-23,7,3,3999.0,206,6,11,1,0,0,17,18,41,18.0,17.67
2025-11-24,7,3,3999.0,139,0,11,0,0,0,15,17,22,14.57,17.73
2025-11-25,7,3,3999.0,136,1,11,0,0,0,13,15,11,13.57,17.63
2025-11-26,7,3,3999.0,145,2,11,0,0,0,15,13,8,13.86,17.3
2025-11-27,7,3,3999.0,136,3,11,0,0,0,16,15,18,14.86,17.33
2025-11-28,7,3,3999.0,138,4,11,0,0,0,18,16,8,14.57,17.37
2025-11-29,7,3,3999.0,205,5,11,1,0,0,19,18,18,16.0,17.2
2025-11-30,7,3,3999.0,241,6,11,1,0,0,18,19,17,16.14,17.4
2025-12-01,7,3,3999.0,137,0,12,0,0,0,33,18,15,16.29,17.4
2025-12-02,7,3,3999.0,172,1,12,0,0,0,18,33,13,18.86,18.0
2025-12-03,7,3,2999.25,227,2,12,0,1,25,24,18,15,19.57,18.13
2025-12-04,7,3,3399.15,230,3,12,0,1,15,19,24,16,20.86,18.3
2025-12-05,7,3,3999.0,144,4,12,0,0,0,15,19,18,21.29,18.37
2025-12-06,7,3,2999.25,282,5,12,1,1,25,32,15,19,20.86,18.43
2025-12-07,7,3,3999.0,196,6,12,1,0,0,34,32,18,22.71,19.17
2025-12-08,7,3,3999.0,164,0,12,0,0,0,21,34,33,25.0,19.9
2025-12-09,7,3,3999.0,171,1,12,0,0,0,15,21,18,23.29,19.37
2025-12-10,7,3,3999.0,135,2,12,0,0,0,22,15,24,22.86,19.07
2025-12-11,7,3,3999.0,168,3,12,0,0,0,17,22,19,22.57,19.07
2025-12-12,7,3,3999.0,150,4,12,0,0,0,14,17,15,22.29,19.0
2025-12-13,7,3,3999.0,226,5,12,1,0,0,21,14,32,22.14,19.07
2025-12-14,7,3,3999.0,227,6,12,1,0,0,22,21,34,20.57,19.23
2025-12-15,7,3,3999.0,164,0,12,0,0,0,15,22,21,18.86,19.67
2025-12-16,7,3,3999.0,183,1,12,0,0,0,15,15,15,18.0,19.3
2025-12-17,7,3,3999.0,148,2,12,0,0,0,21,15,22,18.0,18.43
2025-12-18,7,3,3999.0,166,3,12,0,0,0,20,21,17,17.86,18.4
2025-12-19,7,3,3999.0,139,4,12,0,0,0,13,20,14,18.29,18.7
2025-12-20,7,3,3999.0,227,5,12,1,0,0,21,13,21,18.14,18.87
2025-12-21,7,3,3999.0,245,6,12,1,0,0,26,21,22,18.14,18.97
2025-12-22,7,3,3999.0,154,0,12,0,0,0,20,26,15,18.71,19.57
2025-12-23,7,3,3999.0,165,1,12,0,0,0,17,20,15,19.43,19.63
2025-12-24,7,3,3999.0,156,2,12,0,0,0,19,17,21,19.71,19.63
2025-12-25,7,3,2999.25,226,3,12,0,1,25,17,19,20,19.43,19.77
2025-12-26,7,3,3399.15,229,4,12,0,1,15,15,17,13,19.0,19.9
2025-12-27,7,3,3999.0,211,5,12,1,0,0,28,15,21,19.29,19.9
2025-12-28,7,3,3999.0,213,6,12,1,0,0,26,28,26,20.29,20.3
2025-12-29,7,3,3199.2,228,0,12,0,1,20,24,26,20,20.29,20.57
2025-12-30,7,3,3999.0,172,1,12,0,0,0,14,24,17,20.86,20.73
2025-12-31,7,3,3999.0,143,2,12,0,0,0,17,14,19,20.43,20.6
2026-01-01,7,3,3999.0,113,3,1,0,0,0,12,17,17,20.14,20.07
2026-01-02,7,3,3999.0,124,4,1,0,0,0,8,12,15,19.43,19.87
2026-01-03,7,3,2999.25,217,5,1,1,1,25,26,8,28,18.43,19.33
2026-01-04,7,3,3599.1,247,6,1,1,1,10,38,26,26,18.14,19.57
2026-01-05,7,3,3199.2,172,0,1,0,1,20,20,38,24,19.86,20.33
2026-01-06,7,3,3999.0,112,1,1,0,0,0,16,20,14,19.29,19.93
2026-01-07,7,3,3999.0,125,2,1,0,0,0,11,16,17,19.57,19.33
2026-01-08,7,3,3999.0,131,3,1,0,0,0,12,11,12,18.71,19.0
2026-01-09,7,3,3999.0,97,4,1,0,0,0,14,12,8,18.71,18.9
2026-01-10,7,3,3999.0,173,5,1,1,0,0,14,14,26,19.57,18.63
2026-01-11,7,3,3999.0,180,6,1,1,0,0,19,14,38,17.86,18.53
2026-01-12,7,3,3999.0,131,0,1,0,0,0,17,19,20,15.14,18.7
2026-01-13,7,3,3999.0,130,1,1,0,0,0,8,17,16,14.71,18.57
2026-01-14,7,3,3399.15,165,2,1,0,1,15,21,8,11,13.57,18.1
2026-01-15,7,3,3999.0,149,3,1,0,0,0,14,21,12,15.0,18.3
2026-01-16,7,3,3999.0,132,4,1,0,0,0,11,14,14,15.29,18.27
2026-01-17,7,3,3999.0,172,5,1,1,0,0,18,11,14,14.86,17.93
2026-01-18,7,3,3999.0,153,6,1,1,0,0,13,18,19,15.43,17.87
2026-01-19,7,3,3999.0,142,0,1,0,0,0,14,13,17,14.57,17.87
2026-01-20,7,3,3999.0,112,1,1,0,0,0,8,14,8,14.14,17.63
2026-01-21,7,3,3999.0,112,2,1,0,0,0,16,8,21,14.14,17.03
2026-01-22,7,3,3599.1,157,3,1,0,1,10,21,16,14,13.43,16.9
2026-01-23,7,3,3999.0,117,4,1,0,0,0,8,21,11,14.43,17.03
2026-01-24,7,3,3999.0,162,5,1,1,0,0,15,8,18,14.0,16.67
2026-01-25,7,3,3999.0,175,6,1,1,0,0,13,15,13,13.57,16.6
2026-01-26,7,3,3999.0,135,0,1,0,0,0,11,13,14,13.57,16.53
2026-01-27,7,3,3999.0,120,1,1,0,0,0,13,11,8,13.14,15.97
2026-01-28,7,3,3999.0,106,2,1,0,0,0,9,13,16,13.86,15.53
2026-01-29,7,3,3999.0,107,3,1,0,0,0,14,9,21,12.86,15.03
2026-01-30,7,3,3999.0,120,4,1,0,0,0,11,14,8,11.86,15.03
2026-01-31,7,3,3999.0,188,5,1,1,0,0,17,11,15,12.29,14.83
2026-02-01,7,3,3999.0,180,6,2,1,0,0,27,17,13,12.57,15.0
2026-02-02,7,3,3999.0,104,0,2,0,0,0,12,27,11,14.57,15.63
2026-02-03,7,3,3999.0,126,1,2,0,0,0,18,12,13,14.71,15.17
2026-02-04,7,3,3999.0,105,2,2,0,0,0,5,18,9,15.43,14.5
2026-02-05,7,3,3199.2,183,3,2,0,1,20,16,5,14,14.86,14.0
2026-02-06,7,3,3999.0,106,4,2,0,0,0,16,16,11,15.14,14.0
2026-02-07,7,3,3999.0,184,5,2,1,0,0,20,16,17,15.86,14.17
2026-02-08,7,3,3999.0,192,6,2,1,0,0,16,20,27,16.29,14.43
2026-02-09,7,3,3999.0,113,0,2,0,0,0,13,16,12,14.71,14.5
2026-02-10,7,3,3999.0,121,1,2,0,0,0,20,13,18,14.86,14.47
2026-02-11,7,3,3999.0,145,2,2,0,0,0,16,20,5,15.14,14.5
2026-02-12,7,3,3999.0,130,3,2,0,0,0,16,16,16,16.71,14.47
2026-02-13,7,3,3999.0,113,4,2,0,0,0,11,16,16,16.71,14.73
2026-02-14,7,3,3999.0,176,5,2,1,0,0,14,11,20,16.0,14.4
2026-02-15,7,3,3999.0,162,6,2,1,0,0,14,14,16,15.14,14.4
2026-02-16,7,3,3999.0,109,0,2,0,0,0,9,14,13,14.86,14.5
2026-02-17,7,3,3599.1,161,1,2,0,1,10,18,9,20,14.29,14.2
2026-02-18,7,3,3999.0,105,2,2,0,0,0,16,18,16,14.0,14.37
2026-02-19,7,3,3999.0,116,3,2,0,0,0,6,16,16,14.0,14.43
2026-02-20,7,3,3999.0,107,4,2,0,0,0,8,6,11,12.57,14.37
2026-02-21,7,3,3999.0,150,5,2,1,0,0,14,8,14,12.14,14.1
2026-02-22,7,3,3999.0,179,6,2,1,0,0,13,14,14,12.14,13.87
2026-02-23,7,3,3999.0,104,0,2,0,0,0,12,13,9,12.0,14.03
2026-02-24,7,3,3999.0,100,1,2,0,0,0,11,12,18,12.43,13.93
2026-02-25,7,3,3999.0,108,2,2,0,0,0,14,11,16,11.43,13.87
2026-02-26,7,3,3999.0,124,3,2,0,0,0,6,14,6,11.14,13.97
2026-02-27,7,3,3999.0,123,4,2,0,0,0,17,6,8,11.14,13.73
2026-02-28,7,3,3599.1,226,5,2,1,1,10,25,17,14,12.43,14.0
2026-03-01,7,3,3399.15,244,6,3,1,1,15,24,25,13,14.0,14.37
2026-03-02,7,3,3599.1,156,0,3,0,1,10,16,24,12,15.57,14.8
2026-03-03,7,3,3999.0,129,1,3,0,0,0,13,16,11,16.14,14.77
2026-03-04,7,3,3999.0,140,2,3,0,0,0,8,13,14,16.43,14.3
2026-03-05,7,3,3999.0,115,3,3,0,0,0,15,8,6,15.57,14.17
2026-03-06,7,3,3999.0,114,4,3,0,0,0,9,15,17,16.86,14.07
2026-03-07,7,3,3999.0,182,5,3,1,0,0,16,9,25,15.71,14.2
2026-03-08,7,3,3999.0,146,6,3,1,0,0,15,16,24,14.43,14.2
2026-03-09,7,3,3999.0,127,0,3,0,0,0,10,15,16,13.14,14.17
2026-03-10,7,3,3999.0,114,1,3,0,0,0,13,10,13,12.29,13.83
2026-03-11,7,3,3999.0,139,2,3,0,0,0,11,13,8,12.29,13.73
2026-03-12,7,3,3999.0,144,3,3,0,0,0,11,11,15,12.71,13.67
2026-03-13,7,3,3599.1,179,4,3,0,1,10,29,11,9,12.14,13.37
2026-03-14,7,3,3999.0,159,5,3,1,0,0,21,29,16,15.0,13.8
2026-03-15,7,3,3999.0,151,6,3,1,0,0,18,21,15,15.71,13.97
2026-03-16,7,3,3999.0,115,0,3,0,0,0,14,18,10,16.14,14.2
2026-03-17,7,3,3999.0,109,1,3,0,0,0,8,14,13,16.71,14.2
2026-03-18,7,3,3999.0,111,2,3,0,0,0,11,8,11,16.0,14.0
2026-03-19,7,3,3999.0,145,3,3,0,0,0,12,11,11,16.0,14.07
2026-03-20,7,3,3999.0,122,4,3,0,0,0,7,12,29,16.14,13.87
2026-03-21,7,3,3999.0,170,5,3,1,0,0,17,7,21,13.0,13.57
2026-03-22,7,3,2999.25,231,6,3,1,1,25,32,17,18,12.43,13.93
2026-03-23,7,3,3999.0,137,0,3,0,0,0,9,32,14,14.43,14.73
2026-03-24,7,3,3999.0,140,1,3,0,0,0,9,9,8,13.71,14.57
2026-03-25,7,3,3599.1,165,2,3,0,1,10,16,9,11,13.86,14.43
2026-03-26,7,3,3999.0,113,3,3,0,0,0,17,16,12,14.57,14.57
2026-03-27,7,3,3599.1,172,4,3,0,1,10,24,17,7,15.29,14.77
2026-03-28,7,3,3999.0,176,5,3,1,0,0,15,24,17,17.71,15.1
2026-03-29,7,3,3999.0,162,6,3,1,0,0,13,15,32,17.43,15.4
2026-03-30,7,3,3999.0,132,0,3,0,0,0,5,13,9,14.71,15.27
2026-03-31,7,3,3399.15,176,1,3,0,1,15,20,5,9,14.14,14.6
2026-04-01,7,3,3999.0,107,2,4,0,0,0,10,20,16,15.71,14.47
2026-04-02,7,3,3999.0,106,3,4,0,0,0,14,10,17,14.86,14.27
2026-04-03,7,3,3999.0,145,4,4,0,0,0,12,14,24,14.43,14.3
2026-04-04,7,3,3999.0,151,5,4,1,0,0,20,12,15,12.71,14.43
2026-04-05,7,3,3999.0,164,6,4,1,0,0,16,20,13,13.43,14.6
2026-04-06,7,3,3999.0,97,0,4,0,0,0,7,16,5,13.86,14.83
2026-04-07,7,3,3999.0,135,1,4,0,0,0,10,7,20,14.14,14.53
2026-04-08,7,3,3999.0,146,2,4,0,0,0,21,10,10,12.71,14.37
2026-04-09,7,3,3999.0,114,3,4,0,0,0,11,21,14,14.29,14.73
2026-04-10,7,3,3999.0,120,4,4,0,0,0,12,11,12,13.86,14.67
2026-04-11,7,3,3999.0,174,5,4,1,0,0,16,12,20,13.86,14.7
2026-04-12,7,3,3999.0,159,6,4,1,0,0,20,16,16,13.29,14.87
2026-04-13,7,3,2999.25,176,0,4,0,1,25,18,20,7,13.86,14.57
2026-04-14,7,3,3999.0,139,1,4,0,0,0,14,18,10,15.43,14.47
2026-04-15,7,3,3599.1,156,2,4,0,1,10,16,14,21,16.0,14.33
2026-04-16,7,3,3999.0,115,3,4,0,0,0,9,16,11,15.29,14.4
2026-04-17,7,3,3999.0,122,4,4,0,0,0,12,9,12,15.0,14.43
2026-04-18,7,3,3399.15,209,5,4,1,1,15,31,12,16,15.0,14.47
2026-04-19,7,3,3999.0,151,6,4,1,0,0,26,31,20,17.14,15.1
2026-04-20,7,3,3999.0,119,0,4,0,0,0,9,26,18,18.0,15.73
2026-04-21,7,3,3599.1,185,1,4,0,1,10,15,9,14,16.71,15.47
2026-04-22,7,3,3999.0,113,2,4,0,0,0,11,15,16,16.86,14.9
2026-04-23,7,3,3999.0,144,3,4,0,0,0,13,11,9,16.14,14.97
2026-04-24,7,3,3599.1,152,4,4,0,1,10,17,13,12,16.71,15.1
2026-04-25,7,3,3999.0,168,5,4,1,0,0,23,17,31,17.43,15.13
2026-04-26,7,3,3999.0,163,6,4,1,0,0,17,23,26,16.29,15.33
2026-04-27,7,3,3999.0,108,0,4,0,0,0,20,17,9,15.0,15.1
2026-04-28,7,3,3999.0,113,1,4,0,0,0,15,20,15,16.57,15.27
2026-04-29,7,3,3999.0,134,2,4,0,0,0,11,15,11,16.57,15.33
2026-04-30,7,3,3999.0,111,3,4,0,0,0,13,11,13,16.57,15.53
2026-05-01,7,3,3999.0,122,4,5,0,0,0,10,13,17,16.57,15.3
2026-05-02,7,3,3999.0,169,5,5,1,0,0,24,10,23,15.57,15.3
2026-05-03,7,3,3999.0,177,6,5,1,0,0,16,24,17,15.71,15.63
2026-05-04,7,3,3999.0,140,0,5,0,0,0,13,16,20,15.57,15.77
2026-05-05,7,3,3999.0,107,1,5,0,0,0,11,13,15,14.57,15.53
2026-05-06,7,3,3999.0,122,2,5,0,0,0,10,11,11,14.0,15.37
2026-05-07,7,3,3999.0,120,3,5,0,0,0,14,10,13,13.86,15.47
2026-05-08,7,3,3999.0,128,4,5,0,0,0,15,14,10,14.0,15.6
2026-05-09,7,3,3199.2,218,5,5,1,1,20,26,15,24,14.71,15.4
2026-05-10,7,3,3599.1,231,6,5,1,1,10,18,26,16,15.0,15.9
2026-05-11,7,3,3999.0,117,0,5,0,0,0,8,18,13,15.29,16.1
2026-05-12,7,3,3999.0,106,1,5,0,0,0,12,8,11,14.57,15.83
2026-05-13,7,3,3999.0,124,2,5,0,0,0,13,12,10,14.71,15.57
2026-05-14,7,3,3999.0,141,3,5,0,0,0,10,13,14,15.14,15.4
2026-05-15,7,3,2999.25,193,4,5,0,1,25,10,10,15,14.57,15.27
2026-05-16,7,3,3999.0,175,5,5,1,0,0,16,10,26,13.86,15.07
2026-05-17,7,3,3999.0,143,6,5,1,0,0,18,16,18,12.43,15.3
2026-05-18,7,3,3999.0,119,0,5,0,0,0,11,18,8,12.43,15.5
2026-05-19,7,3,2999.25,183,1,5,0,1,25,14,11,12,12.86,14.83
2026-05-20,7,3,3399.15,177,2,5,0,1,15,25,14,13,13.14,14.43
2026-05-21,7,3,3999.0,129,3,5,0,0,0,14,25,10,14.86,14.97
2026-05-22,7,3,3999.0,111,4,5,0,0,0,16,14,10,15.43,14.93
2026-05-23,7,3,3999.0,151,5,5,1,0,0,15,16,16,16.29,15.1
2026-05-24,7,3,3999.0,167,6,5,1,0,0,18,15,18,16.14,15.17
2026-05-25,7,3,3999.0,116,0,5,0,0,0,9,18,11,16.14,15.2
2026-05-26,7,3,3999.0,128,1,5,0,0,0,11,9,14,15.86,14.73
2026-05-27,7,3,3999.0,116,2,5,0,0,0,12,11,25,15.43,14.53
2026-05-28,7,3,3999.0,144,3,5,0,0,0,13,12,14,13.57,14.27
2026-05-29,7,3,3999.0,95,4,5,0,0,0,14,13,16,13.43,14.2
2026-05-30,7,3,3999.0,178,5,5,1,0,0,20,14,15,13.14,14.3
2026-05-31,7,3,3999.0,162,6,5,1,0,0,16,20,18,13.86,14.53
2026-06-01,7,3,3999.0,102,0,6,0,0,0,19,16,9,13.57,14.73
2026-06-02,7,3,3999.0,120,1,6,0,0,0,9,19,11,15.0,14.57
2026-06-03,7,3,3199.2,181,2,6,0,1,20,15,9,12,14.71,14.33
2026-06-04,7,3,3999.0,138,3,6,0,0,0,8,15,13,15.14,14.4
2026-06-05,7,3,3999.0,141,4,6,0,0,0,17,8,14,14.43,14.3
2026-06-06,7,3,3199.2,242,5,6,1,1,20,28,17,20,14.86,14.53
2026-06-07,7,3,2999.25,249,6,6,1,1,25,20,28,16,16.0,15.0
2026-06-08,7,3,3999.0,119,0,6,0,0,0,7,20,19,16.57,15.17
2026-06-09,7,3,3999.0,120,1,6,0,0,0,12,7,9,14.86,14.53
2026-06-10,7,3,3399.15,162,2,6,0,1,15,15,12,15,15.29,14.33
2026-06-11,7,3,3999.0,122,3,6,0,0,0,10,15,8,15.29,14.57
2026-06-12,7,3,3999.0,101,4,6,0,0,0,11,10,17,15.57,14.5
2026-06-13,7,3,3999.0,159,5,6,1,0,0,27,11,28,14.71,14.43
2026-06-14,7,3,3999.0,185,6,6,1,0,0,23,27,20,14.57,15.0
2026-06-15,7,3,3999.0,124,0,6,0,0,0,10,23,7,15.0,15.43
2026-06-16,7,3,3399.15,154,1,6,0,1,15,23,10,12,15.43,15.23
2026-06-17,7,3,3999.0,147,2,6,0,0,0,8,23,15,17.0,15.4
2026-06-18,7,3,3999.0,113,3,6,0,0,0,13,8,10,16.0,15.3
2026-06-19,7,3,3999.0,112,4,6,0,0,0,12,13,11,16.43,15.27
2026-06-20,7,3,3999.0,173,5,6,1,0,0,18,12,27,16.57,14.83
2026-06-21,7,3,3999.0,140,6,6,1,0,0,15,18,23,15.29,14.97
2026-06-22,7,3,3599.1,176,0,6,0,1,10,19,15,10,14.14,14.93
2026-06-23,7,3,3999.0,106,1,6,0,0,0,18,19,23,15.43,15.07
2026-06-24,7,3,3999.0,143,2,6,0,0,0,11,18,8,14.71,15.07
2026-06-25,7,3,3999.0,111,3,6,0,0,0,14,11,13,15.14,15.13
2026-06-26,7,3,3999.0,140,4,6,0,0,0,12,14,12,15.29,15.23
2026-06-27,7,3,3399.15,246,5,6,1,1,15,30,12,18,15.29,15.23
2026-06-28,7,3,3999.0,157,6,6,1,0,0,8,30,15,17.0,15.8
2026-06-29,7,3,3999.0,127,0,6,0,0,0,9,8,19,16.0,15.6
2026-06-30,7,3,3999.0,134,1,6,0,0,0,7,9,18,14.57,15.23
2026-07-01,7,3,3999.0,153,2,7,0,0,0,9,7,11,13.0,14.93
2026-07-02,7,3,3999.0,120,3,7,0,0,0,19,9,14,12.71,14.6
2026-07-03,7,3,3999.0,123,4,7,0,0,0,11,19,12,13.43,14.93
2026-07-04,7,3,3999.0,197,5,7,1,0,0,26,11,30,13.29,14.8
2026-07-05,7,3,3999.0,184,6,7,1,0,0,13,26,8,12.71,15.4
2026-07-06,7,3,3399.15,209,0,7,0,1,15,18,13,9,13.43,15.27
2026-07-07,7,3,3999.0,110,1,7,0,0,0,19,18,7,14.71,14.93
2026-07-08,7,3,3999.0,148,2,7,0,0,0,17,19,9,16.43,14.9
2026-07-09,7,3,3599.1,179,3,7,0,1,10,17,17,19,17.57,15.23
2026-07-10,7,3,3999.0,120,4,7,0,0,0,20,17,11,17.29,15.4
2026-07-11,7,3,3999.0,181,5,7,1,0,0,16,20,26,18.57,15.57
2026-07-12,7,3,3999.0,185,6,7,1,0,0,24,16,13,17.14,15.77
2026-07-13,7,3,3999.0,124,0,7,0,0,0,16,24,18,18.71,16.2
2026-07-14,7,3,3999.0,147,1,7,0,0,0,13,16,19,18.43,15.83
2026-07-15,7,3,3999.0,143,2,7,0,0,0,16,13,17,17.57,15.5
2026-07-16,7,3,3999.0,138,3,7,0,0,0,13,16,17,17.43,15.7
2026-07-17,7,3,3999.0,129,4,7,0,0,0,11,13,20,16.86,15.37
2026-07-18,7,3,3399.15,279,5,7,1,1,15,30,11,16,15.57,15.47
2026-07-19,7,3,3999.0,206,6,7,1,0,0,20,30,24,17.57,16.03
2026-07-20,7,3,3999.0,139,0,7,0,0,0,21,20,16,17.0,16.3
2026-07-21,7,3,3999.0,118,1,7,0,0,0,13,21,13,17.71,16.4
2026-07-22,7,3,3999.0,155,2,7,0,0,0,11,13,16,17.71,16.33
2026-07-23,7,3,3999.0,140,3,7,0,0,0,15,11,13,17.0,16.07
2026-07-24,7,3,3999.0,148,4,7,0,0,0,16,15,11,17.29,15.97
2026-07-25,7,3,3999.0,196,5,7,1,0,0,13,16,30,18.0,16.13
2026-07-26,7,3,3999.0,188,6,7,1,0,0,20,13,20,15.57,16.1
2026-07-27,7,3,3999.0,143,0,7,0,0,0,15,20,21,15.57,16.37
2026-07-28,7,3,3999.0,124,1,7,0,0,0,14,15,13,14.71,15.87
2026-07-29,7,3,3199.2,169,2,7,0,1,20,18,14,11,14.86,16.07
2026-07-30,7,3,3999.0,122,3,7,0,0,0,10,18,15,15.86,16.37
2026-07-31,7,3,3999.0,126,4,7,0,0,0,13,10,16,15.14,16.47
2026-08-01,7,3,2999.25,279,5,8,1,1,25,25,13,13,14.71,16.6
2026-08-02,7,3,3999.0,170,6,8,1,0,0,25,25,20,16.43,16.8
2026-08-03,7,3,3999.0,158,0,8,0,0,0,12,25,15,17.14,17.27
2026-08-04,7,3,3999.0,119,1,8,0,0,0,13,12,14,16.71,16.8
2026-08-05,7,3,3599.1,210,2,8,0,1,10,19,13,18,16.57,16.8
2026-08-06,7,3,3999.0,121,3,8,0,0,0,9,19,10,16.71,16.83
2026-08-07,7,3,3999.0,113,4,8,0,0,0,11,9,13,16.57,16.5
2026-08-08,7,3,3399.15,269,5,8,1,1,15,37,11,25,16.29,16.3
2026-08-09,7,3,3999.0,172,6,8,1,0,0,16,37,25,18.0,16.97
2026-08-10,7,3,3999.0,138,0,8,0,0,0,15,16,12,16.71,16.83
2026-08-11,7,3,3999.0,154,1,8,0,0,0,13,15,13,17.14,16.8
2026-08-12,7,3,3999.0,148,2,8,0,0,0,14,13,19,17.14,16.43
2026-08-13,7,3,3999.0,131,3,8,0,0,0,16,14,9,16.43,16.37
2026-08-14,7,3,3999.0,119,4,8,0,0,0,5,16,11,17.43,16.47
2026-08-15,7,3,3999.0,189,5,8,1,0,0,19,5,37,16.57,16.1
2026-08-16,7,3,3999.0,164,6,8,1,0,0,16,19,16,14.0,16.3
2026-08-17,7,3,3599.1,191,0,8,0,1,10,20,16,15,14.0,16.47
2026-08-18,7,3,3999.0,144,1,8,0,0,0,12,20,13,14.71,16.13
2026-08-19,7,3,3999.0,122,2,8,0,0,0,11,12,14,14.57,15.87
2026-08-20,7,3,3999.0,125,3,8,0,0,0,21,11,16,14.14,15.53
2026-08-21,7,3,3199.2,204,4,8,0,1,20,30,21,5,14.86,15.8
2026-08-22,7,3,3999.0,183,5,8,1,0,0,20,30,19,18.43,16.43
2026-08-23,7,3,3999.0,189,6,8,1,0,0,18,20,16,18.57,16.6
2026-08-24,7,3,2999.25,208,0,8,0,1,25,27,18,20,18.86,16.67
2026-08-25,7,3,3999.0,129,1,8,0,0,0,14,27,12,19.86,17.13
2026-08-26,7,3,3999.0,116,2,8,0,0,0,20,14,11,20.14,16.93
2026-08-27,7,3,2999.25,215,3,8,0,1,25,22,20,21,21.43,17.1
2026-08-28,7,3,3999.0,127,4,8,0,0,0,17,22,30,21.57,17.37
2026-08-29,7,3,3999.0,182,5,8,1,0,0,17,17,20,19.71,17.33
2026-08-30,7,3,3999.0,185,6,8,1,0,0,20,17,18,19.29,17.57
2026-08-31,7,3,3999.0,146,0,8,0,0,0,11,20,27,19.57,17.8
2026-09-01,7,3,3999.0,102,1,9,0,0,0,14,11,14,17.29,17.33
2026-09-02,7,3,3399.15,185,2,9,0,1,15,25,14,20,17.29,16.97
2026-09-03,7,3,3999.0,142,3,9,0,0,0,10,25,22,18.0,17.4
2026-09-04,7,3,3999.0,143,4,9,0,0,0,16,10,17,16.29,17.3
2026-09-05,7,3,3999.0,160,5,9,1,0,0,24,16,17,16.14,17.2
2026-09-06,7,3,3999.0,153,6,9,1,0,0,15,24,20,17.14,17.7
2026-09-07,7,3,2999.25,188,0,9,0,1,25,20,15,11,16.43,17.83
2026-09-08,7,3,3999.0,135,1,9,0,0,0,12,20,14,17.71,17.27
2026-09-09,7,3,3999.0,114,2,9,0,0,0,10,12,25,17.43,17.13
2026-09-10,7,3,3999.0,140,3,9,0,0,0,14,10,10,15.29,16.97
2026-09-11,7,3,3999.0,124,4,9,0,0,0,12,14,16,15.86,17.0
2026-09-12,7,3,3999.0,178,5,9,1,0,0,25,12,24,15.29,16.93
2026-09-13,7,3,3999.0,161,6,9,1,0,0,16,25,15,15.43,17.23
2026-09-14,7,3,3999.0,120,0,9,0,0,0,16,16,20,15.57,17.6
2026-09-15,7,3,3999.0,129,1,9,0,0,0,17,16,12,15.0,17.5
2026-09-16,7,3,3999.0,104,2,9,0,0,0,13,17,10,15.71,17.53
2026-09-17,7,3,3999.0,137,3,9,0,0,0,19,13,14,16.14,17.3
2026-09-18,7,3,3999.0,101,4,9,0,0,0,7,19,12,16.86,17.53
2026-09-19,7,3,3999.0,179,5,9,1,0,0,17,7,25,16.14,17.4
2026-09-20,7,3,3999.0,147,6,9,1,0,0,18,17,16,15.0,17.27
2026-09-21,7,3,3999.0,138,0,9,0,0,0,13,18,16,15.29,16.87
2026-09-22,7,3,3999.0,108,1,9,0,0,0,6,13,17,14.86,16.63
2026-09-23,7,3,3999.0,104,2,9,0,0,0,16,6,13,13.29,16.23
2026-09-24,7,3,3999.0,104,3,9,0,0,0,10,16,19,13.71,15.87
2026-09-25,7,3,3999.0,104,4,9,0,0,0,15,10,7,12.43,15.73
2026-09-26,7,3,3999.0,152,5,9,1,0,0,20,15,17,13.57,15.57
2025-09-26,8,4,6999.0,96,4,9,0,0,0,8,7,7,,
2025-09-27,8,4,5249.25,144,5,9,1,1,25,13,8,7,8.0,8.0
2025-09-28,8,4,6999.0,121,6,9,1,0,0,16,13,7,10.5,10.5
2025-09-29,8,4,6999.0,104,0,9,0,0,0,2,16,7,12.33,12.33
2025-09-30,8,4,6999.0,102,1,9,0,0,0,6,2,7,9.75,9.75
2025-10-01,8,4,6999.0,105,2,10,0,0,0,9,6,7,9.0,9.0
2025-10-02,8,4,5949.15,127,3,10,0,1,15,16,9,7,9.0,9.0
2025-10-03,8,4,6999.0,84,4,10,0,0,0,13,16,8,10.0,10.0
2025-10-04,8,4,6999.0,112,5,10,1,0,0,10,13,13,10.71,10.38
2025-10-05,8,4,6999.0,123,6,10,1,0,0,15,10,16,10.29,10.33
2025-10-06,8,4,5949.15,147,0,10,0,1,15,12,15,2,10.14,10.8
2025-10-07,8,4,6999.0,95,1,10,0,0,0,5,12,6,11.57,10.91
2025-10-08,8,4,6999.0,86,2,10,0,0,0,7,5,9,11.43,10.42
2025-10-09,8,4,6999.0,126,3,10,0,0,0,8,7,16,11.14,10.15
2025-10-10,8,4,6999.0,84,4,10,0,0,0,12,8,13,10.0,10.0
2025-10-11,8,4,6999.0,135,5,10,1,0,0,17,12,10,9.86,10.13
2025-10-12,8,4,6999.0,140,6,10,1,0,0,11,17,15,10.86,10.56
2025-10-13,8,4,6999.0,119,0,10,0,0,0,7,11,12,10.29,10.59
2025-10-14,8,4,6999.0,95,1,10,0,0,0,9,7,5,9.57,10.39
2025-10-15,8,4,6999.0,99,2,10,0,0,0,10,9,7,10.14,10.32
2025-10-16,8,4,6999.0,95,3,10,0,0,0,6,10,8,10.57,10.3
2025-10-17,8,4,6999.0,126,4,10,0,0,0,10,6,12,10.29,10.1
2025-10-18,8,4,6999.0,160,5,10,1,0,0,14,10,17,10.0,10.09
2025-10-19,8,4,6999.0,126,6,10,1,0,0,9,14,11,9.57,10.26
2025-10-20,8,4,6999.0,115,0,10,0,0,0,11,9,7,9.29,10.21
2025-10-21,8,4,6999.0,112,1,10,0,0,0,9,11,9,9.86,10.24
2025-10-22,8,4,6999.0,88,2,10,0,0,0,13,9,10,9.86,10.19
2025-10-23,8,4,6999.0,119,3,10,0,0,0,4,13,6,10.29,10.3
2025-10-24,8,4,6999.0,90,4,10,0,0,0,10,4,10,10.0,10.07
2025-10-25,8,4,6999.0,147,5,10,1,0,0,13,10,14,10.0,10.07
2025-10-26,8,4,6999.0,142,6,10,1,0,0,15,13,9,9.86,10.17
2025-10-27,8,4,6999.0,116,0,10,0,0,0,9,15,11,10.71,10.4
2025-10-28,8,4,6299.1,138,1,10,0,1,10,14,9,9,10.43,10.27
2025-10-29,8,4,6999.0,102,2,10,0,0,0,7,14,13,11.14,10.2
2025-10-30,8,4,6999.0,89,3,10,0,0,0,13,7,4,10.29,10.37
2025-10-31,8,4,6999.0,109,4,10,0,0,0,9,13,10,11.57,10.6
2025-11-01,8,4,5949.15,212,5,11,1,1,15,21,9,13,11.43,10.6
2025-11-02,8,4,6999.0,123,6,11,1,0,0,11,21,15,12.57,10.77
2025-11-03,8,4,6999.0,124,0,11,0,0,0,4,11,9,12.0,10.7
2025-11-04,8,4,6999.0,112,1,11,0,0,0,11,4,14,11.29,10.5
2025-11-05,8,4,6999.0,90,2,11,0,0,0,10,11,7,10.86,10.37
2025-11-06,8,4,6999.0,82,3,11,0,0,0,12,10,13,11.29,10.3
2025-11-07,8,4,5949.15,148,4,11,0,1,15,11,12,9,11.14,10.53
2025-11-08,8,4,6999.0,120,5,11,1,0,0,15,11,21,11.43,10.67
2025-11-09,8,4,6999.0,151,6,11,1,0,0,12,15,11,10.57,10.9
2025-11-10,8,4,6999.0,95,0,11,0,0,0,9,12,4,10.71,10.9
2025-11-11,8,4,6999.0,92,1,11,0,0,0,8,9,11,11.43,10.63
2025-11-12,8,4,6999.0,102,2,11,0,0,0,8,8,10,11.0,10.53
2025-11-13,8,4,6999.0,103,3,11,0,0,0,6,8,12,10.71,10.57
2025-11-14,8,4,6999.0,112,4,11,0,0,0,14,6,11,9.86,10.47
2025-11-15,8,4,6999.0,118,5,11,1,0,0,18,14,15,10.29,10.6
2025-11-16,8,4,6999.0,115,6,11,1,0,0,20,18,12,10.71,11.0
2025-11-17,8,4,5599.2,147,0,11,0,1,20,11,20,9,11.86,11.33
2025-11-18,8,4,6999.0,95,1,11,0,0,0,12,11,8,12.14,11.23
2025-11-19,8,4,6999.0,94,2,11,0,0,0,11,12,8,12.71,11.33
2025-11-20,8,4,6999.0,103,3,11,0,0,0,7,11,6,13.14,11.33
2025-11-21,8,4,6999.0,106,4,11,0,0,0,9,7,14,13.29,11.27
2025-11-22,8,4,6999.0,157,5,11,1,0,0,9,9,18,12.57,11.13
2025-11-23,8,4,6999.0,153,6,11,1,0,0,8,9,20,11.29,11.3
2025-11-24,8,4,6999.0,127,0,11,0,0,0,10,8,11,9.57,11.23
2025-11-25,8,4,6999.0,98,1,11,0,0,0,12,10,12,9.43,11.13
2025-11-26,8,4,6999.0,115,2,11,0,0,0,6,12,11,9.43,11.03
2025-11-27,8,4,6999.0,94,3,11,0,0,0,6,6,7,8.71,10.93
2025-11-28,8,4,6999.0,84,4,11,0,0,0,11,6,9,8.57,10.67
2025-11-29,8,4,6999.0,143,5,11,1,0,0,18,11,9,8.86,10.8
2025-11-30,8,4,6999.0,125,6,11,1,0,0,15,18,8,10.14,10.97
2025-12-01,8,4,6999.0,88,0,12,0,0,0,10,15,10,11.14,11.17
2025-12-02,8,4,6999.0,85,1,12,0,0,0,8,10,12,11.14,10.8
2025-12-03,8,4,6999.0,117,2,12,0,0,0,3,8,6,10.57,10.7
2025-12-04,8,4,6999.0,94,3,12,0,0,0,10,3,6,10.14,10.67
2025-12-05,8,4,6999.0,89,4,12,0,0,0,10,10,11,10.71,10.63
2025-12-06,8,4,5249.25,204,5,12,1,1,25,16,10,18,10.57,10.63
2025-12-07,8,4,6999.0,128,6,12,1,0,0,11,16,15,10.29,10.77
2025-12-08,8,4,6999.0,114,0,12,0,0,0,7,11,10,9.71,10.77
2025-12-09,8,4,6999.0,89,1,12,0,0,0,9,7,8,9.29,10.5
2025-12-10,8,4,6999.0,107,2,12,0,0,0,14,9,3,9.43,10.4
2025-12-11,8,4,6999.0,127,3,12,0,0,0,14,14,10,11.0,10.57
2025-12-12,8,4,6999.0,107,4,12,0,0,0,10,14,10,11.57,10.77
2025-12-13,8,4,6999.0,117,5,12,1,0,0,11,10,16,11.57,10.83
2025-12-14,8,4,6999.0,152,6,12,1,0,0,9,11,11,10.86,11.0
2025-12-15,8,4,5249.25,127,0,12,0,1,25,18,9,7,10.57,10.83
2025-12-16,8,4,6999.0,84,1,12,0,0,0,8,18,9,12.14,10.83
2025-12-17,8,4,6999.0,79,2,12,0,0,0,7,8,14,12.0,10.43
2025-12-18,8,4,6999.0,123,3,12,0,0,0,6,7,14,11.0,10.3
2025-12-19,8,4,6999.0,95,4,12,0,0,0,7,6,10,9.86,10.1
2025-12-20,8,4,6999.0,133,5,12,1,0,0,11,7,11,9.43,9.97
2025-12-21,8,4,6999.0,148,6,12,1,0,0,12,11,9,9.43,10.1
2025-12-22,8,4,5599.2,135,0,12,0,1,20,17,12,18,9.86,10.2
2025-12-23,8,4,6999.0,88,1,12,0,0,0,8,17,8,9.71,10.47
2025-12-24,8,4,6999.0,96,2,12,0,0,0,6,8,7,9.71,10.47
2025-12-25,8,4,6999.0,99,3,12,0,0,0,6,6,6,9.57,10.33
2025-12-26,8,4,5599.2,148,4,12,0,1,20,16,6,7,9.57,10.13
2025-12-27,8,4,6999.0,126,5,12,1,0,0,13,16,11,10.86,10.47
2025-12-28,8,4,6999.0,134,6,12,1,0,0,16,13,12,11.14,10.7
2025-12-29,8,4,5249.25,116,0,12,0,1,25,14,16,17,11.71,10.87
2025-12-30,8,4,6999.0,119,1,12,0,0,0,9,14,8,11.29,10.73
2025-12-31,8,4,6999.0,92,2,12,0,0,0,15,9,6,11.43,10.53
2026-01-01,8,4,6999.0,106,3,1,0,0,0,5,15,6,12.71,10.7
2026-01-02,8,4,6999.0,62,4,1,0,0,0,8,5,16,12.57,10.6
2026-01-03,8,4,6999.0,97,5,1,1,0,0,9,8,13,11.43,10.77
2026-01-04,8,4,6999.0,109,6,1,1,0,0,10,9,16,10.86,10.73
2026-01-05,8,4,5249.25,114,0,1,0,1,25,14,10,14,10.0,10.73
2026-01-06,8,4,6999.0,91,1,1,0,0,0,6,14,9,10.0,10.67
2026-01-07,8,4,6999.0,67,2,1,0,0,0,8,6,15,9.57,10.5
2026-01-08,8,4,6999.0,74,3,1,0,0,0,7,8,5,8.57,10.53
2026-01-09,8,4,6999.0,89,4,1,0,0,0,6,7,8,8.86,10.47
2026-01-10,8,4,6999.0,126,5,1,1,0,0,8,6,9,8.57,10.2
2026-01-11,8,4,6999.0,109,6,1,1,0,0,12,8,10,8.43,10.0
2026-01-12,8,4,6299.1,118,0,1,0,1,10,9,12,14,8.71,10.07
2026-01-13,8,4,6999.0,93,1,1,0,0,0,7,9,6,8.0,10.0
2026-01-14,8,4,6999.0,101,2,1,0,0,0,3,7,8,8.14,9.93
2026-01-15,8,4,5949.15,110,3,1,0,1,15,13,3,7,7.43,9.43
2026-01-16,8,4,6999.0,77,4,1,0,0,0,8,13,6,8.29,9.6
2026-01-17,8,4,6999.0,106,5,1,1,0,0,10,8,8,8.57,9.63
2026-01-18,8,4,6299.1,137,6,1,1,1,10,21,10,12,8.86,9.77
2026-01-19,8,4,6999.0,93,0,1,0,0,0,3,21,9,10.14,10.23
2026-01-20,8,4,6999.0,104,1,1,0,0,0,10,3,7,9.29,9.97
2026-01-21,8,4,6999.0,96,2,1,0,0,0,6,10,3,9.71,9.9
2026-01-22,8,4,6999.0,101,3,1,0,0,0,8,6,13,10.14,9.53
2026-01-23,8,4,6999.0,102,4,1,0,0,0,8,8,8,9.43,9.53
2026-01-24,8,4,6999.0,114,5,1,1,0,0,11,8,10,9.43,9.6
2026-01-25,8,4,6999.0,86,6,1,1,0,0,9,11,21,9.57,9.77
2026-01-26,8,4,6999.0,72,0,1,0,0,0,6,9,3,7.86,9.53
2026-01-27,8,4,5599.2,93,1,1,0,1,20,8,6,10,8.29,9.3
2026-01-28,8,4,6999.0,69,2,1,0,0,0,11,8,6,8.0,9.03
2026-01-29,8,4,6999.0,89,3,1,0,0,0,6,11,8,8.71,8.93
2026-01-30,8,4,6999.0,98,4,1,0,0,0,9,6,8,8.43,8.83
2026-01-31,8,4,6999.0,128,5,1,1,0,0,8,9,11,8.57,8.63
2026-02-01,8,4,6999.0,100,6,2,1,0,0,14,8,9,8.14,8.73
2026-02-02,8,4,6999.0,74,0,2,0,0,0,9,14,6,8.86,8.93
2026-02-03,8,4,6999.0,104,1,2,0,0,0,8,9,8,9.29,8.93
2026-02-04,8,4,6999.0,81,2,2,0,0,0,10,8,11,9.29,8.87
2026-02-05,8,4,5249.25,129,3,2,0,1,25,7,10,6,9.14,8.73
2026-02-06,8,4,6999.0,84,4,2,0,0,0,11,7,9,9.29,8.77
2026-02-07,8,4,6999.0,102,5,2,1,0,0,8,11,8,9.57,8.87
2026-02-08,8,4,6999.0,93,6,2,1,0,0,8,8,14,9.57,8.9
2026-02-09,8,4,6999.0,100,0,2,0,0,0,4,8,9,8.71,8.97
2026-02-10,8,4,6999.0,80,1,2,0,0,0,5,4,8,8.0,8.83
2026-02-11,8,4,6999.0,73,2,2,0,0,0,7,5,10,7.57,8.6
2026-02-12,8,4,6999.0,86,3,2,0,0,0,5,7,7,7.14,8.53
2026-02-13,8,4,5949.15,97,4,2,0,1,15,8,5,11,6.86,8.47
2026-02-14,8,4,6999.0,110,5,2,1,0,0,14,8,8,6.43,8.63
2026-02-15,8,4,6999.0,108,6,2,1,0,0,8,14,8,7.29,8.67
2026-02-16,8,4,6999.0,94,0,2,0,0,0,5,8,4,7.29,8.67
2026-02-17,8,4,5249.25,113,1,2,0,1,25,7,5,5,7.43,8.5
2026-02-18,8,4,6999.0,70,2,2,0,0,0,4,7,7,7.71,8.03
2026-02-19,8,4,6999.0,102,3,2,0,0,0,12,4,5,7.29,8.07
2026-02-20,8,4,6999.0,73,4,2,0,0,0,7,12,8,8.29,8.13
2026-02-21,8,4,6999.0,112,5,2,1,0,0,5,7,14,8.14,8.17
2026-02-22,8,4,6999.0,103,6,2,1,0,0,16,5,8,6.86,8.07
2026-02-23,8,4,6999.0,60,0,2,0,0,0,7,16,5,8.0,8.33
2026-02-24,8,4,6999.0,79,1,2,0,0,0,5,7,7,8.29,8.2
2026-02-25,8,4,6999.0,86,2,2,0,0,0,7,5,4,8.0,8.07
2026-02-26,8,4,5249.25,102,3,2,0,1,25,7,7,12,8.43,8.1
2026-02-27,8,4,6999.0,57,4,2,0,0,0,7,7,7,7.71,8.07
2026-02-28,8,4,6999.0,90,5,2,1,0,0,12,7,5,7.71,7.93
2026-03-01,8,4,6999.0,85,6,3,1,0,0,10,12,16,8.71,8.13
2026-03-02,8,4,6299.1,115,0,3,0,1,10,14,10,7,7.86,8.17
2026-03-03,8,4,5599.2,117,1,3,0,1,20,13,14,5,8.86,8.37
2026-03-04,8,4,6999.0,71,2,3,0,0,0,10,13,7,10.0,8.33
2026-03-05,8,4,6999.0,101,3,3,0,0,0,8,10,7,10.43,8.37
2026-03-06,8,4,6999.0,55,4,3,0,0,0,7,8,7,10.57,8.37
2026-03-07,8,4,6999.0,123,5,3,1,0,0,9,7,12,10.57,8.27
2026-03-08,8,4,5249.25,168,6,3,1,1,25,11,9,10,10.14,8.33
2026-03-09,8,4,6999.0,68,0,3,0,0,0,6,11,14,10.29,8.33
2026-03-10,8,4,6999.0,84,1,3,0,0,0,10,6,13,9.14,8.27
2026-03-11,8,4,6999.0,59,2,3,0,0,0,5,10,10,8.71,8.33
2026-03-12,8,4,6999.0,70,3,3,0,0,0,4,5,8,8.0,8.37
2026-03-13,8,4,6999.0,81,4,3,0,0,0,3,4,7,7.43,8.33
2026-03-14,8,4,6999.0,102,5,3,1,0,0,12,3,9,6.86,8.2
2026-03-15,8,4,6999.0,109,6,3,1,0,0,8,12,11,7.29,8.43
2026-03-16,8,4,6299.1,112,0,3,0,1,10,17,8,6,6.86,8.43
2026-03-17,8,4,6999.0,81,1,3,0,0,0,7,17,10,8.43,8.53
2026-03-18,8,4,6999.0,83,2,3,0,0,0,8,7,5,8.0,8.5
2026-03-19,8,4,6999.0,95,3,3,0,0,0,2,8,4,8.43,8.6
2026-03-20,8,4,6999.0,87,4,3,0,0,0,6,2,3,8.14,8.43
2026-03-21,8,4,6999.0,103,5,3,1,0,0,10,6,12,8.57,8.5
2026-03-22,8,4,6999.0,104,6,3,1,0,0,11,10,8,8.29,8.43
2026-03-23,8,4,6999.0,79,0,3,0,0,0,8,11,17,8.71,8.57
2026-03-24,8,4,6999.0,83,1,3,0,0,0,8,8,7,7.43,8.67
2026-03-25,8,4,6999.0,82,2,3,0,0,0,9,8,8,7.57,8.4
2026-03-26,8,4,6999.0,107,3,3,0,0,0,10,9,2,7.71,8.47
2026-03-27,8,4,6999.0,99,4,3,0,0,0,4,10,6,8.86,8.63
2026-03-28,8,4,6999.0,105,5,3,1,0,0,14,4,10,8.57,8.53
2026-03-29,8,4,6999.0,96,6,3,1,0,0,10,14,11,9.14,8.77
2026-03-30,8,4,6999.0,95,0,3,0,0,0,9,10,8,9.0,8.87
2026-03-31,8,4,6999.0,63,1,3,0,0,0,10,9,8,9.14,8.77
2026-04-01,8,4,6999.0,82,2,4,0,0,0,8,10,9,9.43,8.77
2026-04-02,8,4,6999.0,82,3,4,0,0,0,5,8,10,9.29,8.57
2026-04-03,8,4,6999.0,101,4,4,0,0,0,5,5,4,8.57,8.3
2026-04-04,8,4,6999.0,98,5,4,1,0,0,12,5,14,8.71,8.13
2026-04-05,8,4,6999.0,132,6,4,1,0,0,12,12,10,8.43,8.27
2026-04-06,8,4,6999.0,101,0,4,0,0,0,5,12,9,8.71,8.43
2026-04-07,8,4,5249.25,125,1,4,0,1,25,11,5,10,8.14,8.3
2026-04-08,8,4,6999.0,100,2,4,0,0,0,8,11,8,8.29,8.3
2026-04-09,8,4,6999.0,89,3,4,0,0,0,10,8,5,8.29,8.37
2026-04-10,8,4,6999.0,72,4,4,0,0,0,10,10,5,9.0,8.37
2026-04-11,8,4,6999.0,105,5,4,1,0,0,8,10,12,9.71,8.53
2026-04-12,8,4,6999.0,86,6,4,1,0,0,10,8,12,9.14,8.67
2026-04-13,8,4,5249.25,116,0,4,0,1,25,9,10,5,8.86,8.9
2026-04-14,8,4,5949.15,100,1,4,0,1,15,14,9,11,9.43,8.8
2026-04-15,8,4,6999.0,83,2,4,0,0,0,7,14,8,9.86,9.0
2026-04-16,8,4,6999.0,73,3,4,0,0,0,7,7,10,9.71,8.67
2026-04-17,8,4,6999.0,68,4,4,0,0,0,6,7,10,9.29,8.67
2026-04-18,8,4,6999.0,115,5,4,1,0,0,7,6,8,8.71,8.6
2026-04-19,8,4,6999.0,117,6,4,1,0,0,9,7,10,8.57,8.77
2026-04-20,8,4,6999.0,105,0,4,0,0,0,11,9,9,8.43,8.87
2026-04-21,8,4,5599.2,130,1,4,0,1,20,5,11,14,8.71,8.9
2026-04-22,8,4,6999.0,62,2,4,0,0,0,10,5,7,7.43,8.7
2026-04-23,8,4,6999.0,91,3,4,0,0,0,5,10,7,7.86,8.77
2026-04-24,8,4,6999.0,94,4,4,0,0,0,6,5,6,7.57,8.67
2026-04-25,8,4,6999.0,128,5,4,1,0,0,9,6,7,7.57,8.57
2026-04-26,8,4,6999.0,96,6,4,1,0,0,8,9,9,7.86,8.53
2026-04-27,8,4,6999.0,82,0,4,0,0,0,9,8,11,7.71,8.67
2026-04-28,8,4,6999.0,98,1,4,0,0,0,8,9,5,7.43,8.5
2026-04-29,8,4,6999.0,78,2,4,0,0,0,5,8,10,7.86,8.43
2026-04-30,8,4,6999.0,87,3,4,0,0,0,6,5,5,7.14,8.3
2026-05-01,8,4,6999.0,78,4,5,0,0,0,8,6,6,7.29,8.17
2026-05-02,8,4,6999.0,89,5,5,1,0,0,8,8,9,7.57,8.17
2026-05-03,8,4,6999.0,106,6,5,1,0,0,7,8,8,7.43,8.27
2026-05-04,8,4,6999.0,70,0,5,0,0,0,7,7,9,7.29,8.33
2026-05-05,8,4,6999.0,75,1,5,0,0,0,8,7,8,7.0,8.17
2026-05-06,8,4,6999.0,87,2,5,0,0,0,12,8,5,7.0,8.03
2026-05-07,8,4,5249.25,104,3,5,0,1,25,14,12,6,8.0,8.27
2026-05-08,8,4,6999.0,77,4,5,0,0,0,13,14,8,9.14,8.37
2026-05-09,8,4,6999.0,113,5,5,1,0,0,15,13,8,9.86,8.53
2026-05-10,8,4,5599.2,145,6,5,1,1,20,18,15,7,10.86,8.7
2026-05-11,8,4,6999.0,98,0,5,0,0,0,9,18,7,12.43,8.97
2026-05-12,8,4,6999.0,78,1,5,0,0,0,6,9,8,12.71,9.0
2026-05-13,8,4,6999.0,77,2,5,0,0,0,10,6,12,12.43,8.87
2026-05-14,8,4,6999.0,97,3,5,0,0,0,6,10,14,12.14,8.9
2026-05-15,8,4,6999.0,97,4,5,0,0,0,5,6,13,11.0,8.63
2026-05-16,8,4,6999.0,97,5,5,1,0,0,11,5,15,9.86,8.57
2026-05-17,8,4,6999.0,101,6,5,1,0,0,9,11,18,9.29,8.7
2026-05-18,8,4,6999.0,64,0,5,0,0,0,8,9,9,8.0,8.8
2026-05-19,8,4,6999.0,59,1,5,0,0,0,7,8,6,7.86,8.83
2026-05-20,8,4,6999.0,75,2,5,0,0,0,4,7,10,8.0,8.77
2026-05-21,8,4,6999.0,90,3,5,0,0,0,8,4,6,7.14,8.53
2026-05-22,8,4,6999.0,80,4,5,0,0,0,8,8,5,7.43,8.63
2026-05-23,8,4,5249.25,170,5,5,1,1,25,17,8,11,7.86,8.57
2026-05-24,8,4,6999.0,90,6,5,1,0,0,12,17,9,8.71,8.97
2026-05-25,8,4,6999.0,70,0,5,0,0,0,8,12,8,9.14,9.17
2026-05-26,8,4,6999.0,75,1,5,0,0,0,10,8,7,9.14,9.13
2026-05-27,8,4,6999.0,66,2,5,0,0,0,10,10,4,9.57,9.2
2026-05-28,8,4,6999.0,102,3,5,0,0,0,12,10,8,10.43,9.23
2026-05-29,8,4,6999.0,82,4,5,0,0,0,7,12,8,11.0,9.37
2026-05-30,8,4,6999.0,114,5,5,1,0,0,7,7,17,10.86,9.43
2026-05-31,8,4,6999.0,95,6,5,1,0,0,14,7,12,9.43,9.47
2026-06-01,8,4,6999.0,85,0,6,0,0,0,7,14,8,9.71,9.67
2026-06-02,8,4,6999.0,74,1,6,0,0,0,12,7,10,9.57,9.63
2026-06-03,8,4,6999.0,79,2,6,0,0,0,13,12,10,9.86,9.8
2026-06-04,8,4,6999.0,92,3,6,0,0,0,4,13,12,10.29,10.0
2026-06-05,8,4,6999.0,101,4,6,0,0,0,12,4,7,9.14,9.87
2026-06-06,8,4,5949.15,163,5,6,1,1,15,9,12,7,9.86,9.87
2026-06-07,8,4,6999.0,101,6,6,1,0,0,10,9,14,10.14,9.7
2026-06-08,8,4,6999.0,73,0,6,0,0,0,12,10,7,9.57,9.6
2026-06-09,8,4,6299.1,116,1,6,0,1,10,11,12,12,10.29,9.5
2026-06-10,8,4,6999.0,95,2,6,0,0,0,6,11,13,10.14,9.27
2026-06-11,8,4,6999.0,90,3,6,0,0,0,9,6,4,9.14,9.17
2026-06-12,8,4,6999.0,94,4,6,0,0,0,5,9,12,9.86,9.27
2026-06-13,8,4,6999.0,97,5,6,1,0,0,10,5,9,8.86,9.1
2026-06-14,8,4,6999.0,101,6,6,1,0,0,8,10,10,9.0,9.23
2026-06-15,8,4,6999.0,84,0,6,0,0,0,11,8,12,8.71,9.33
2026-06-16,8,4,6999.0,84,1,6,0,0,0,9,11,11,8.57,9.33
2026-06-17,8,4,6999.0,90,2,6,0,0,0,8,9,6,8.29,9.33
2026-06-18,8,4,5599.2,122,3,6,0,1,20,10,8,9,8.57,9.33
2026-06-19,8,4,6999.0,87,4,6,0,0,0,8,10,5,8.71,9.43
2026-06-20,8,4,6999.0,110,5,6,1,0,0,7,8,10,9.14,9.57
2026-06-21,8,4,6999.0,132,6,6,1,0,0,11,7,8,8.71,9.53
2026-06-22,8,4,6999.0,68,0,6,0,0,0,4,11,11,9.14,9.63
2026-06-23,8,4,6999.0,103,1,6,0,0,0,11,4,9,8.14,9.2
2026-06-24,8,4,6999.0,92,2,6,0,0,0,13,11,8,8.43,9.17
2026-06-25,8,4,6999.0,84,3,6,0,0,0,10,13,10,9.14,9.33
2026-06-26,8,4,6999.0,64,4,6,0,0,0,9,10,8,9.14,9.33
2026-06-27,8,4,6999.0,103,5,6,1,0,0,10,9,7,9.29,9.3
2026-06-28,8,4,6299.1,135,6,6,1,1,10,12,10,11,9.71,9.23
2026-06-29,8,4,6999.0,103,0,6,0,0,0,8,12,4,9.86,9.4
2026-06-30,8,4,6999.0,85,1,6,0,0,0,8,8,11,10.43,9.43
2026-07-01,8,4,6999.0,83,2,7,0,0,0,6,8,13,10.0,9.23
2026-07-02,8,4,6999.0,84,3,7,0,0,0,5,6,10,9.0,9.2
2026-07-03,8,4,6999.0,89,4,7,0,0,0,7,5,9,8.29,8.97
2026-07-04,8,4,6999.0,101,5,7,1,0,0,9,7,10,8.0,8.77
2026-07-05,8,4,6999.0,108,6,7,1,0,0,7,9,12,7.86,8.93
2026-07-06,8,4,6999.0,83,0,7,0,0,0,8,7,8,7.14,8.77
2026-07-07,8,4,6999.0,89,1,7,0,0,0,4,8,8,7.14,8.73
2026-07-08,8,4,6299.1,107,2,7,0,1,10,15,4,6,6.57,8.53
2026-07-09,8,4,6999.0,83,3,7,0,0,0,10,15,5,7.86,8.63
2026-07-10,8,4,6999.0,76,4,7,0,0,0,6,10,7,8.57,8.6
2026-07-11,8,4,6999.0,101,5,7,1,0,0,15,6,9,8.43,8.6
2026-07-12,8,4,6999.0,138,6,7,1,0,0,9,15,7,9.29,8.8
2026-07-13,8,4,6999.0,99,0,7,0,0,0,11,9,8,9.57,8.93
2026-07-14,8,4,6999.0,89,1,7,0,0,0,9,11,4,10.0,8.97
2026-07-15,8,4,6999.0,71,2,7,0,0,0,9,9,15,10.71,9.0
2026-07-16,8,4,6999.0,94,3,7,0,0,0,9,9,10,9.86,8.93
2026-07-17,8,4,6999.0,74,4,7,0,0,0,9,9,6,9.71,8.93
2026-07-18,8,4,6999.0,103,5,7,1,0,0,15,9,15,10.14,8.97
2026-07-19,8,4,6999.0,131,6,7,1,0,0,7,15,9,10.14,9.13
2026-07-20,8,4,6999.0,81,0,7,0,0,0,6,7,11,9.86,9.1
2026-07-21,8,4,6999.0,94,1,7,0,0,0,9,6,9,9.14,9.07
2026-07-22,8,4,6999.0,86,2,7,0,0,0,11,9,9,9.14,9.0
2026-07-23,8,4,6999.0,98,3,7,0,0,0,11,11,9,9.43,9.23
2026-07-24,8,4,6999.0,65,4,7,0,0,0,5,11,9,9.71,9.23
2026-07-25,8,4,6999.0,104,5,7,1,0,0,12,5,15,9.14,8.97
2026-07-26,8,4,6999.0,99,6,7,1,0,0,12,12,7,8.71,9.03
2026-07-27,8,4,5599.2,122,0,7,0,1,20,7,12,6,9.43,9.13
2026-07-28,8,4,6999.0,110,1,7,0,0,0,8,7,9,9.57,9.03
2026-07-29,8,4,6999.0,98,2,7,0,0,0,7,8,11,9.43,8.9
2026-07-30,8,4,6999.0,101,3,7,0,0,0,11,7,11,8.86,8.87
2026-07-31,8,4,6999.0,93,4,7,0,0,0,5,11,5,8.86,8.97
2026-08-01,8,4,6999.0,122,5,8,1,0,0,9,5,12,8.86,8.93
2026-08-02,8,4,6999.0,109,6,8,1,0,0,16,9,12,8.43,9.07
2026-08-03,8,4,6999.0,89,0,8,0,0,0,8,16,7,9.0,9.37
2026-08-04,8,4,6999.0,85,1,8,0,0,0,4,8,8,9.14,9.33
2026-08-05,8,4,6999.0,100,2,8,0,0,0,7,4,7,8.57,9.23
2026-08-06,8,4,6999.0,69,3,8,0,0,0,8,7,11,8.57,9.2
2026-08-07,8,4,6999.0,112,4,8,0,0,0,13,8,5,8.14,9.33
2026-08-08,8,4,6999.0,111,5,8,1,0,0,8,13,9,9.29,9.27
2026-08-09,8,4,6999.0,127,6,8,1,0,0,8,8,16,9.14,9.2
2026-08-10,8,4,6999.0,80,0,8,0,0,0,8,8,8,8.0,9.27
2026-08-11,8,4,6999.0,87,1,8,0,0,0,11,8,4,8.0,9.03
2026-08-12,8,4,5249.25,127,2,8,0,1,25,10,11,7,9.0,9.1
2026-08-13,8,4,6999.0,109,3,8,0,0,0,9,10,8,9.43,9.07
2026-08-14,8,4,6999.0,103,4,8,0,0,0,6,9,13,9.57,9.07
2026-08-15,8,4,6999.0,129,5,8,1,0,0,12,6,8,8.57,8.97
2026-08-16,8,4,6999.0,119,6,8,1,0,0,16,12,8,9.14,9.07
2026-08-17,8,4,6999.0,110,0,8,0,0,0,12,16,8,10.29,9.3
2026-08-18,8,4,6999.0,110,1,8,0,0,0,7,12,11,10.86,9.2
2026-08-19,8,4,6999.0,92,2,8,0,0,0,8,7,10,10.29,9.2
2026-08-20,8,4,6999.0,99,3,8,0,0,0,10,8,9,10.0,9.27
2026-08-21,8,4,5949.15,126,4,8,0,1,15,11,10,6,10.14,9.3
2026-08-22,8,4,6999.0,127,5,8,1,0,0,11,11,12,10.86,9.3
2026-08-23,8,4,6999.0,117,6,8,1,0,0,6,11,16,10.71,9.3
2026-08-24,8,4,6999.0,93,0,8,0,0,0,7,6,12,9.29,9.33
2026-08-25,8,4,6999.0,77,1,8,0,0,0,5,7,7,8.57,9.17
2026-08-26,8,4,6999.0,65,2,8,0,0,0,7,5,8,8.29,8.93
2026-08-27,8,4,6999.0,92,3,8,0,0,0,8,7,10,8.14,8.93
2026-08-28,8,4,6999.0,102,4,8,0,0,0,9,8,11,7.86,8.93
2026-08-29,8,4,6999.0,133,5,8,1,0,0,9,9,11,7.57,9.0
2026-08-30,8,4,6999.0,102,6,8,1,0,0,8,9,6,7.29,8.93
2026-08-31,8,4,6999.0,86,0,8,0,0,0,6,8,7,7.57,9.03
2026-09-01,8,4,6999.0,99,1,9,0,0,0,5,6,5,7.43,8.93
2026-09-02,8,4,6999.0,85,2,9,0,0,0,8,5,7,7.43,8.57
2026-09-03,8,4,6999.0,62,3,9,0,0,0,12,8,8,7.57,8.57
2026-09-04,8,4,6999.0,75,4,9,0,0,0,7,12,9,8.14,8.83
2026-09-05,8,4,6999.0,96,5,9,1,0,0,11,7,9,7.86,8.83
2026-09-06,8,4,6999.0,98,6,9,1,0,0,10,11,8,8.14,8.93
2026-09-07,8,4,6999.0,89,0,9,0,0,0,7,10,6,8.43,8.83
2026-09-08,8,4,6999.0,97,1,9,0,0,0,6,7,5,8.57,8.8
2026-09-09,8,4,6999.0,94,2,9,0,0,0,7,6,8,8.71,8.73
2026-09-10,8,4,6999.0,95,3,9,0,0,0,2,7,12,8.57,8.7
2026-09-11,8,4,6999.0,74,4,9,0,0,0,8,2,7,7.14,8.4
2026-09-12,8,4,6999.0,126,5,9,1,0,0,10,8,11,7.29,8.33
2026-09-13,8,4,6999.0,118,6,9,1,0,0,17,10,10,7.14,8.37
2026-09-14,8,4,6999.0,78,0,9,0,0,0,8,17,7,8.14,8.73
2026-09-15,8,4,6999.0,100,1,9,0,0,0,11,8,6,8.29,8.6
2026-09-16,8,4,6999.0,62,2,9,0,0,0,4,11,7,9.0,8.43
2026-09-17,8,4,6999.0,92,3,9,0,0,0,14,4,2,8.57,8.17
2026-09-18,8,4,6999.0,78,4,9,0,0,0,5,14,8,10.29,8.4
2026-09-19,8,4,6299.1,162,5,9,1,1,10,24,5,10,9.86,8.3
2026-09-20,8,4,6999.0,120,6,9,1,0,0,10,24,17,11.86,8.77
2026-09-21,8,4,6999.0,89,0,9,0,0,0,7,10,8,10.86,8.73
2026-09-22,8,4,6999.0,104,1,9,0,0,0,11,7,11,10.71,8.6
2026-09-23,8,4,5949.15,127,2,9,0,1,15,8,11,4,10.71,8.77
2026-09-24,8,4,6999.0,93,3,9,0,0,0,4,8,14,11.29,8.8
2026-09-25,8,4,6999.0,65,4,9,0,0,0,8,4,5,9.86,8.77
2026-09-26,8,4,6999.0,121,5,9,1,0,0,3,8,24,10.29,8.8
2025-09-26,9,4,11999.0,75,4,9,0,0,0,7,7,7,,
2025-09-27,9,4,10199.15,159,5,9,1,1,15,14,7,7,7.0,7.0
2025-09-28,9,4,11999.0,110,6,9,1,0,0,10,14,7,10.5,10.5
2025-09-29,9,4,11999.0,99,0,9,0,0,0,7,10,7,10.33,10.33
2025-09-30,9,4,11999.0,101,1,9,0,0,0,6,7,7,9.5,9.5
2025-10-01,9,4,11999.0,82,2,10,0,0,0,6,6,7,8.8,8.8
2025-10-02,9,4,11999.0,99,3,10,0,0,0,9,6,7,8.33,8.33
2025-10-03,9,4,11999.0,94,4,10,0,0,0,7,9,7,8.43,8.43
2025-10-04,9,4,11999.0,161,5,10,1,0,0,11,7,14,8.43,8.25
2025-10-05,9,4,11999.0,119,6,10,1,0,0,11,11,10,8.0,8.56
2025-10-06,9,4,11999.0,115,0,10,0,0,0,14,11,7,8.14,8.8
2025-10-07,9,4,11999.0,86,1,10,0,0,0,5,14,6,9.14,9.27
2025-10-08,9,4,11999.0,91,2,10,0,0,0,11,5,6,9.0,8.92
2025-10-09,9,4,11999.0,99,3,10,0,0,0,8,11,9,9.71,9.08
2025-10-10,9,4,11999.0,103,4,10,0,0,0,13,8,7,9.57,9.0
2025-10-11,9,4,9599.2,215,5,10,1,1,20,23,13,11,10.43,9.27
2025-10-12,9,4,11999.0,138,6,10,1,0,0,9,23,11,12.14,10.12
2025-10-13,9,4,11999.0,79,0,10,0,0,0,11,9,14,11.86,10.06
2025-10-14,9,4,11999.0,96,1,10,0,0,0,7,11,5,11.43,10.11
2025-10-15,9,4,11999.0,96,2,10,0,0,0,7,7,11,11.71,9.95
2025-10-16,9,4,11999.0,109,3,10,0,0,0,15,7,8,11.14,9.8
2025-10-17,9,4,11999.0,99,4,10,0,0,0,10,15,13,12.14,10.05
2025-10-18,9,4,11999.0,137,5,10,1,0,0,12,10,23,11.71,10.05
2025-10-19,9,4,11999.0,117,6,10,1,0,0,17,12,9,10.14,10.13
2025-10-20,9,4,11999.0,89,0,10,0,0,0,10,17,11,11.29,10.42
2025-10-21,9,4,11999.0,113,1,10,0,0,0,11,10,7,11.14,10.4
2025-10-22,9,4,11999.0,95,2,10,0,0,0,7,11,7,11.71,10.42
2025-10-23,9,4,10199.15,124,3,10,0,1,15,25,7,15,11.71,10.3
2025-10-24,9,4,11999.0,103,4,10,0,0,0,10,25,10,13.14,10.82
2025-10-25,9,4,11999.0,123,5,10,1,0,0,13,10,12,13.14,10.79
2025-10-26,9,4,11999.0,145,6,10,1,0,0,10,13,17,13.29,10.87
2025-10-27,9,4,11999.0,110,0,10,0,0,0,11,10,10,12.29,10.97
2025-10-28,9,4,11999.0,92,1,10,0,0,0,8,11,11,12.43,10.87
2025-10-29,9,4,10799.1,146,2,10,0,1,10,15,8,7,12.0,10.8
2025-10-30,9,4,11999.0,97,3,10,0,0,0,5,15,25,13.14,11.07
2025-10-31,9,4,11999.0,97,4,10,0,0,0,8,5,10,10.29,11.03
2025-11-01,9,4,11999.0,127,5,11,1,0,0,6,8,13,10.0,11.1
2025-11-02,9,4,11999.0,152,6,11,1,0,0,17,6,10,9.0,11.0
2025-11-03,9,4,11999.0,117,0,11,0,0,0,4,17,11,10.0,11.33
2025-11-04,9,4,11999.0,88,1,11,0,0,0,2,4,8,9.0,11.1
2025-11-05,9,4,11999.0,88,2,11,0,0,0,10,2,15,8.14,10.8
2025-11-06,9,4,11999.0,93,3,11,0,0,0,17,10,5,7.43,10.67
2025-11-07,9,4,11999.0,83,4,11,0,0,0,10,17,8,9.14,11.07
2025-11-08,9,4,11999.0,155,5,11,1,0,0,10,10,6,9.43,11.03
2025-11-09,9,4,11999.0,156,6,11,1,0,0,15,10,17,10.0,11.1
2025-11-10,9,4,11999.0,83,0,11,0,0,0,11,15,4,9.71,11.17
2025-11-11,9,4,11999.0,90,1,11,0,0,0,10,11,2,10.71,10.77
2025-11-12,9,4,11999.0,121,2,11,0,0,0,5,10,10,11.86,10.8
2025-11-13,9,4,11999.0,118,3,11,0,0,0,10,5,17,11.14,10.6
2025-11-14,9,4,11999.0,117,4,11,0,0,0,9,10,10,10.14,10.7
2025-11-15,9,4,11999.0,159,5,11,1,0,0,8,9,10,10.0,10.77
2025-11-16,9,4,11999.0,127,6,11,1,0,0,17,8,15,9.71,10.53
2025-11-17,9,4,11999.0,106,0,11,0,0,0,5,17,11,10.0,10.77
2025-11-18,9,4,11999.0,86,1,11,0,0,0,10,5,10,9.14,10.53
2025-11-19,9,4,11999.0,115,2,11,0,0,0,11,10,5,9.14,10.3
2025-11-20,9,4,11999.0,111,3,11,0,0,0,7,11,10,10.0,10.33
2025-11-21,9,4,11999.0,79,4,11,0,0,0,8,7,9,9.57,10.2
2025-11-22,9,4,11999.0,158,5,11,1,0,0,9,8,8,9.43,10.23
2025-11-23,9,4,11999.0,120,6,11,1,0,0,11,9,17,9.57,9.7
2025-11-24,9,4,11999.0,113,0,11,0,0,0,8,11,5,8.71,9.73
2025-11-25,9,4,11999.0,118,1,11,0,0,0,5,8,10,9.14,9.57
2025-11-26,9,4,11999.0,91,2,11,0,0,0,10,5,11,8.43,9.4
2025-11-27,9,4,11999.0,115,3,11,0,0,0,17,10,7,8.29,9.37
2025-11-28,9,4,11999.0,106,4,11,0,0,0,10,17,8,9.71,9.67
2025-11-29,9,4,11999.0,142,5,11,1,0,0,17,10,9,10.0,9.5
2025-11-30,9,4,9599.2,216,6,11,1,1,20,25,17,11,11.14,9.9
2025-12-01,9,4,11999.0,126,0,12,0,0,0,12,25,8,13.14,10.47
2025-12-02,9,4,11999.0,104,1,12,0,0,0,15,12,5,13.71,10.67
2025-12-03,9,4,11999.0,91,2,12,0,0,0,6,15,10,15.14,10.6
2025-12-04,9,4,10799.1,117,3,12,0,1,10,7,6,17,14.57,10.67
2025-12-05,9,4,11999.0,115,4,12,0,0,0,14,7,10,13.14,10.83
2025-12-06,9,4,10799.1,208,5,12,1,1,10,22,14,17,13.71,10.97
2025-12-07,9,4,11999.0,140,6,12,1,0,0,14,22,25,14.43,11.13
2025-12-08,9,4,11999.0,105,0,12,0,0,0,6,14,12,12.86,11.27
2025-12-09,9,4,11999.0,78,1,12,0,0,0,6,6,15,12.0,11.13
2025-12-10,9,4,11999.0,106,2,12,0,0,0,10,6,6,10.71,10.83
2025-12-11,9,4,11999.0,115,3,12,0,0,0,3,10,7,11.29,10.8
2025-12-12,9,4,11999.0,121,4,12,0,0,0,16,3,14,10.71,10.57
2025-12-13,9,4,11999.0,119,5,12,1,0,0,11,16,22,11.0,10.93
2025-12-14,9,4,11999.0,150,6,12,1,0,0,22,11,14,9.43,10.97
2025-12-15,9,4,11999.0,89,0,12,0,0,0,7,22,6,10.57,11.4
2025-12-16,9,4,11999.0,101,1,12,0,0,0,12,7,6,10.71,11.37
2025-12-17,9,4,11999.0,83,2,12,0,0,0,11,12,10,11.57,11.2
2025-12-18,9,4,11999.0,100,3,12,0,0,0,6,11,3,11.71,11.4
2025-12-19,9,4,11999.0,122,4,12,0,0,0,7,6,16,12.14,11.27
2025-12-20,9,4,11999.0,154,5,12,1,0,0,18,7,11,10.86,11.13
2025-12-21,9,4,10799.1,175,6,12,1,1,10,20,18,22,11.86,11.5
2025-12-22,9,4,11999.0,110,0,12,0,0,0,9,20,7,11.57,11.9
2025-12-23,9,4,11999.0,118,1,12,0,0,0,14,9,12,11.86,11.9
2025-12-24,9,4,11999.0,115,2,12,0,0,0,10,14,11,12.14,12.0
2025-12-25,9,4,11999.0,95,3,12,0,0,0,3,10,6,12.0,12.07
2025-12-26,9,4,11999.0,103,4,12,0,0,0,12,3,7,11.57,12.0
2025-12-27,9,4,11999.0,138,5,12,1,0,0,11,12,18,12.29,12.07
2025-12-28,9,4,11999.0,129,6,12,1,0,0,15,11,20,11.29,11.87
2025-12-29,9,4,11999.0,113,0,12,0,0,0,6,15,9,10.57,12.03
2025-12-30,9,4,11999.0,97,1,12,0,0,0,11,6,14,10.14,11.67
2025-12-31,9,4,11999.0,118,2,12,0,0,0,12,11,10,9.71,11.2
2026-01-01,9,4,11999.0,88,3,1,0,0,0,12,12,3,10.0,11.2
2026-01-02,9,4,11999.0,83,4,1,0,0,0,4,12,12,11.29,11.1
2026-01-03,9,4,11999.0,128,5,1,1,0,0,9,4,11,10.14,11.03
2026-01-04,9,4,11999.0,103,6,1,1,0,0,9,9,15,9.86,11.1
2026-01-05,9,4,11999.0,80,0,1,0,0,0,10,9,6,9.0,10.93
2026-01-06,9,4,10799.1,101,1,1,0,1,10,7,10,11,9.57,10.53
2026-01-07,9,4,11999.0,96,2,1,0,0,0,7,7,12,9.0,10.3
2026-01-08,9,4,11999.0,84,3,1,0,0,0,6,7,12,8.29,10.33
2026-01-09,9,4,11999.0,65,4,1,0,0,0,5,6,4,7.43,10.33
2026-01-10,9,4,11999.0,100,5,1,1,0,0,13,5,9,7.57,10.17
2026-01-11,9,4,10799.1,170,6,1,1,1,10,19,13,9,8.14,10.5
2026-01-12,9,4,11999.0,100,0,1,0,0,0,11,19,10,9.57,10.6
2026-01-13,9,4,9599.2,114,1,1,0,1,20,12,11,7,9.71,10.6
2026-01-14,9,4,11999.0,98,2,1,0,0,0,14,12,7,10.43,10.27
2026-01-15,9,4,11999.0,97,3,1,0,0,0,7,14,6,11.43,10.5
2026-01-16,9,4,11999.0,94,4,1,0,0,0,10,7,5,11.57,10.33
2026-01-17,9,4,11999.0,125,5,1,1,0,0,10,10,13,12.29,10.3
2026-01-18,9,4,10199.15,162,6,1,1,1,15,20,10,19,11.86,10.43
2026-01-19,9,4,11999.0,79,0,1,0,0,0,9,20,11,12.0,10.87
2026-01-20,9,4,11999.0,88,1,1,0,0,0,8,9,12,11.71,10.57
2026-01-21,9,4,11999.0,71,2,1,0,0,0,14,8,14,11.14,10.17
2026-01-22,9,4,11999.0,61,3,1,0,0,0,3,14,7,11.14,10.33
2026-01-23,9,4,11999.0,77,4,1,0,0,0,3,3,10,10.57,9.97
2026-01-24,9,4,10799.1,159,5,1,1,1,10,21,3,10,9.57,9.73
2026-01-25,9,4,10199.15,162,6,1,1,1,15,18,21,20,11.14,10.33
2026-01-26,9,4,11999.0,98,0,1,0,0,0,4,18,9,10.86,10.53
2026-01-27,9,4,11999.0,99,1,1,0,0,0,6,4,8,10.14,10.3
2026-01-28,9,4,11999.0,98,2,1,0,0,0,7,6,14,9.86,10.0
2026-01-29,9,4,11999.0,106,3,1,0,0,0,5,7,3,8.86,10.03
2026-01-30,9,4,11999.0,89,4,1,0,0,0,8,5,3,9.14,9.83
2026-01-31,9,4,11999.0,112,5,1,1,0,0,11,8,21,9.86,9.7
2026-02-01,9,4,9599.2,173,6,2,1,1,20,14,11,18,8.43,9.67
2026-02-02,9,4,11999.0,92,0,2,0,0,0,16,14,4,7.86,10.0
2026-02-03,9,4,11999.0,92,1,2,0,0,0,6,16,6,9.57,10.23
2026-02-04,9,4,11999.0,59,2,2,0,0,0,5,6,7,9.57,10.13
2026-02-05,9,4,11999.0,84,3,2,0,0,0,7,5,5,9.29,9.97
2026-02-06,9,4,11999.0,84,4,2,0,0,0,7,7,8,9.57,9.97
2026-02-07,9,4,11999.0,129,5,2,1,0,0,9,7,11,9.43,9.97
2026-02-08,9,4,11999.0,124,6,2,1,0,0,9,9,14,9.14,10.07
2026-02-09,9,4,11999.0,80,0,2,0,0,0,10,9,16,8.43,10.2
2026-02-10,9,4,11999.0,95,1,2,0,0,0,5,10,6,7.57,10.1
2026-02-11,9,4,10799.1,103,2,2,0,1,10,13,5,5,7.43,9.63
2026-02-12,9,4,11999.0,81,3,2,0,0,0,5,13,7,8.57,9.7
2026-02-13,9,4,11999.0,102,4,2,0,0,0,5,5,7,8.29,9.47
2026-02-14,9,4,8999.25,137,5,2,1,1,25,15,5,9,8.0,9.17
2026-02-15,9,4,11999.0,102,6,2,1,0,0,7,15,9,8.86,9.43
2026-02-16,9,4,11999.0,58,0,2,0,0,0,7,7,10,8.57,9.33
2026-02-17,9,4,11999.0,95,1,2,0,0,0,5,7,5,8.14,9.23
2026-02-18,9,4,11999.0,95,2,2,0,0,0,9,5,13,8.14,8.73
2026-02-19,9,4,11999.0,106,3,2,0,0,0,8,9,5,7.57,8.73
2026-02-20,9,4,10199.15,94,4,2,0,1,15,10,8,5,8.0,8.73
2026-02-21,9,4,11999.0,127,5,2,1,0,0,10,10,15,8.71,8.6
2026-02-22,9,4,11999.0,110,6,2,1,0,0,13,10,7,8.0,8.83
2026-02-23,9,4,11999.0,77,0,2,0,0,0,7,13,7,8.86,9.17
2026-02-24,9,4,11999.0,78,1,2,0,0,0,11,7,5,8.86,8.7
2026-02-25,9,4,9599.2,105,2,2,0,1,20,7,11,9,9.71,8.47
2026-02-26,9,4,10199.15,118,3,2,0,1,15,5,7,8,9.43,8.57
2026-02-27,9,4,11999.0,92,4,2,0,0,0,7,5,10,9.0,8.53
2026-02-28,9,4,11999.0,103,5,2,1,0,0,4,7,10,8.57,8.53
2026-03-01,9,4,11999.0,122,6,3,1,0,0,4,4,13,7.71,8.5
2026-03-02,9,4,11999.0,91,0,3,0,0,0,4,4,7,6.43,8.37
2026-03-03,9,4,11999.0,98,1,3,0,0,0,13,4,11,6.0,8.13
2026-03-04,9,4,10199.15,126,2,3,0,1,15,6,13,7,6.29,8.1
2026-03-05,9,4,11999.0,103,3,3,0,0,0,8,6,5,6.14,7.77
2026-03-06,9,4,11999.0,84,4,3,0,0,0,5,8,7,6.57,7.83
2026-03-07,9,4,11999.0,98,5,3,1,0,0,4,5,4,6.29,7.83
2026-03-08,9,4,11999.0,85,6,3,1,0,0,17,4,4,6.29,7.73
2026-03-09,9,4,11999.0,68,0,3,0,0,0,4,17,4,8.14,8.07
2026-03-10,9,4,11999.0,65,1,3,0,0,0,14,4,13,8.14,7.9
2026-03-11,9,4,11999.0,91,2,3,0,0,0,10,14,6,8.29,8.07
2026-03-12,9,4,10199.15,121,3,3,0,1,15,10,10,8,8.86,8.07
2026-03-13,9,4,11999.0,88,4,3,0,0,0,6,10,5,9.14,8.23
2026-03-14,9,4,11999.0,115,5,3,1,0,0,6,6,4,9.29,8.0
2026-03-15,9,4,11999.0,109,6,3,1,0,0,8,6,17,9.57,8.03
2026-03-16,9,4,11999.0,69,0,3,0,0,0,6,8,4,8.29,8.13
2026-03-17,9,4,11999.0,68,1,3,0,0,0,11,6,14,8.57,7.83
2026-03-18,9,4,11999.0,64,2,3,0,0,0,9,11,10,8.14,7.97
2026-03-19,9,4,11999.0,82,3,3,0,0,0,4,9,10,8.0,8.03
2026-03-20,9,4,11999.0,69,4,3,0,0,0,5,4,6,7.14,8.0
2026-03-21,9,4,11999.0,128,5,3,1,0,0,12,5,6,7.0,7.87
2026-03-22,9,4,11999.0,95,6,3,1,0,0,14,12,8,7.86,8.0
2026-03-23,9,4,11999.0,67,0,3,0,0,0,7,14,6,8.71,8.13
2026-03-24,9,4,11999.0,71,1,3,0,0,0,9,7,11,8.86,8.03
2026-03-25,9,4,8999.25,101,2,3,0,1,25,9,9,9,8.57,7.9
2026-03-26,9,4,11999.0,76,3,3,0,0,0,7,9,4,8.57,7.97
2026-03-27,9,4,11999.0,102,4,3,0,0,0,8,7,5,9.0,7.83
2026-03-28,9,4,11999.0,97,5,3,1,0,0,12,8,12,9.43,7.87
2026-03-29,9,4,11999.0,96,6,3,1,0,0,12,12,14,9.43,8.1
2026-03-30,9,4,8999.25,114,0,3,0,1,25,13,12,7,9.14,8.27
2026-03-31,9,4,11999.0,90,1,3,0,0,0,8,13,9,10.0,8.57
2026-04-01,9,4,8999.25,111,2,4,0,1,25,5,8,9,9.86,8.7
2026-04-02,9,4,11999.0,98,3,4,0,0,0,3,5,7,9.29,8.73
2026-04-03,9,4,11999.0,96,4,4,0,0,0,6,3,8,8.71,8.4
2026-04-04,9,4,10799.1,161,5,4,1,1,10,16,6,12,8.43,8.4
2026-04-05,9,4,11999.0,117,6,4,1,0,0,8,16,12,9.0,8.67
2026-04-06,9,4,11999.0,84,0,4,0,0,0,5,8,13,8.43,8.77
2026-04-07,9,4,11999.0,85,1,4,0,0,0,8,5,8,7.29,8.8
2026-04-08,9,4,11999.0,77,2,4,0,0,0,10,8,5,7.29,8.5
2026-04-09,9,4,11999.0,73,3,4,0,0,0,9,10,3,8.0,8.7
2026-04-10,9,4,11999.0,71,4,4,0,0,0,11,9,6,8.86,8.53
2026-04-11,9,4,11999.0,104,5,4,1,0,0,8,11,16,9.57,8.57
2026-04-12,9,4,11999.0,88,6,4,1,0,0,12,8,8,8.43,8.5
2026-04-13,9,4,11999.0,75,0,4,0,0,0,8,12,5,9.0,8.7
2026-04-14,9,4,11999.0,91,1,4,0,0,0,1,8,8,9.43,8.77
2026-04-15,9,4,11999.0,98,2,4,0,0,0,7,1,10,8.43,8.53
2026-04-16,9,4,11999.0,73,3,4,0,0,0,6,7,9,8.0,8.57
2026-04-17,9,4,11999.0,92,4,4,0,0,0,10,6,11,7.57,8.4
2026-04-18,9,4,11999.0,108,5,4,1,0,0,9,10,8,7.43,8.43
2026-04-19,9,4,11999.0,115,6,4,1,0,0,8,9,12,7.57,8.6
2026-04-20,9,4,11999.0,109,0,4,0,0,0,6,8,8,7.0,8.7
2026-04-21,9,4,11999.0,82,1,4,0,0,0,5,6,1,6.71,8.5
2026-04-22,9,4,10199.15,88,2,4,0,1,15,5,5,7,7.29,8.2
2026-04-23,9,4,9599.2,121,3,4,0,1,20,9,5,6,7.0,8.13
2026-04-24,9,4,11999.0,86,4,4,0,0,0,7,9,10,7.43,8.13
2026-04-25,9,4,11999.0,114,5,4,1,0,0,8,7,9,7.0,8.07
2026-04-26,9,4,11999.0,122,6,4,1,0,0,9,8,8,6.86,8.1
2026-04-27,9,4,11999.0,85,0,4,0,0,0,10,9,6,7.0,8.13
2026-04-28,9,4,11999.0,100,1,4,0,0,0,7,10,5,7.57,8.07
2026-04-29,9,4,10199.15,104,2,4,0,1,15,18,7,5,7.86,7.9
2026-04-30,9,4,11999.0,66,3,4,0,0,0,8,18,9,9.71,8.07
2026-05-01,9,4,11999.0,82,4,5,0,0,0,5,8,7,9.57,8.07
2026-05-02,9,4,11999.0,130,5,5,1,0,0,3,5,8,9.29,8.07
2026-05-03,9,4,11999.0,105,6,5,1,0,0,12,3,9,8.57,8.07
2026-05-04,9,4,11999.0,92,0,5,0,0,0,7,12,10,9.0,8.27
2026-05-05,9,4,11999.0,71,1,5,0,0,0,5,7,7,8.57,7.97
2026-05-06,9,4,11999.0,61,2,5,0,0,0,5,5,18,8.29,7.87
2026-05-07,9,4,11999.0,97,3,5,0,0,0,9,5,8,6.43,7.87
2026-05-08,9,4,11999.0,68,4,5,0,0,0,5,9,5,6.57,7.9
2026-05-09,9,4,11999.0,120,5,5,1,0,0,8,5,3,6.57,7.73
2026-05-10,9,4,11999.0,111,6,5,1,0,0,10,8,12,7.29,7.7
2026-05-11,9,4,11999.0,87,0,5,0,0,0,5,10,7,7.0,7.67
2026-05-12,9,4,11999.0,108,1,5,0,0,0,7,5,5,6.71,7.57
2026-05-13,9,4,10799.1,115,2,5,0,1,10,12,7,5,7.0,7.4
2026-05-14,9,4,11999.0,105,3,5,0,0,0,6,12,9,8.0,7.53
2026-05-15,9,4,11999.0,78,4,5,0,0,0,12,6,5,7.57,7.7
2026-05-16,9,4,11999.0,116,5,5,1,0,0,9,12,8,8.57,7.87
2026-05-17,9,4,11999.0,111,6,5,1,0,0,6,9,10,8.71,7.97
2026-05-18,9,4,11999.0,82,0,5,0,0,0,4,6,5,8.14,7.83
2026-05-19,9,4,11999.0,87,1,5,0,0,0,8,4,7,8.0,7.67
2026-05-20,9,4,11999.0,106,2,5,0,0,0,5,8,12,8.14,7.67
2026-05-21,9,4,8999.25,103,3,5,0,1,25,9,5,6,7.14,7.63
2026-05-22,9,4,11999.0,84,4,5,0,0,0,7,9,12,7.57,7.77
2026-05-23,9,4,11999.0,118,5,5,1,0,0,11,7,9,6.86,7.83
2026-05-24,9,4,11999.0,87,6,5,1,0,0,11,11,6,7.14,7.9
2026-05-25,9,4,11999.0,68,0,5,0,0,0,7,11,4,7.86,8.03
2026-05-26,9,4,11999.0,93,1,5,0,0,0,6,7,8,8.29,8.0
2026-05-27,9,4,11999.0,85,2,5,0,0,0,5,6,5,8.0,7.9
2026-05-28,9,4,11999.0,107,3,5,0,0,0,7,5,9,8.0,7.73
2026-05-29,9,4,11999.0,64,4,5,0,0,0,8,7,7,7.71,7.73
2026-05-30,9,4,11999.0,108,5,5,1,0,0,12,8,11,7.86,7.4
2026-05-31,9,4,11999.0,113,6,5,1,0,0,11,12,11,8.0,7.53
2026-06-01,9,4,11999.0,62,0,6,0,0,0,6,11,7,8.0,7.73
2026-06-02,9,4,11999.0,62,1,6,0,0,0,6,6,6,7.86,7.83
2026-06-03,9,4,11999.0,63,2,6,0,0,0,3,6,5,7.86,7.63
2026-06-04,9,4,11999.0,84,3,6,0,0,0,9,3,7,7.57,7.5
2026-06-05,9,4,11999.0,63,4,6,0,0,0,6,9,8,7.86,7.63
2026-06-06,9,4,11999.0,86,5,6,1,0,0,14,6,12,7.57,7.67
2026-06-07,9,4,11999.0,107,6,6,1,0,0,15,14,11,7.86,7.83
2026-06-08,9,4,11999.0,73,0,6,0,0,0,9,15,6,8.43,8.17
2026-06-09,9,4,11999.0,81,1,6,0,0,0,4,9,6,8.86,8.2
2026-06-10,9,4,11999.0,74,2,6,0,0,0,11,4,3,8.57,8.0
2026-06-11,9,4,11999.0,93,3,6,0,0,0,7,11,9,9.71,8.2
2026-06-12,9,4,11999.0,103,4,6,0,0,0,9,7,6,9.43,8.2
2026-06-13,9,4,11999.0,120,5,6,1,0,0,4,9,14,9.86,8.1
2026-06-14,9,4,11999.0,120,6,6,1,0,0,14,4,15,8.43,8.03
2026-06-15,9,4,11999.0,94,0,6,0,0,0,5,14,9,8.29,8.1
2026-06-16,9,4,11999.0,57,1,6,0,0,0,7,5,4,7.71,7.97
2026-06-17,9,4,11999.0,97,2,6,0,0,0,5,7,11,8.14,8.0
2026-06-18,9,4,11999.0,68,3,6,0,0,0,7,5,7,7.29,8.03
2026-06-19,9,4,11999.0,91,4,6,0,0,0,5,7,9,7.29,8.0
2026-06-20,9,4,11999.0,109,5,6,1,0,0,6,5,4,6.71,8.0
2026-06-21,9,4,11999.0,111,6,6,1,0,0,9,6,14,7.0,7.9
2026-06-22,9,4,11999.0,83,0,6,0,0,0,4,9,5,6.29,7.97
2026-06-23,9,4,11999.0,76,1,6,0,0,0,5,4,7,6.14,7.73
2026-06-24,9,4,11999.0,102,2,6,0,0,0,12,5,5,5.86,7.53
2026-06-25,9,4,11999.0,93,3,6,0,0,0,8,12,7,6.86,7.7
2026-06-26,9,4,11999.0,108,4,6,0,0,0,6,8,5,7.0,7.77
2026-06-27,9,4,11999.0,123,5,6,1,0,0,16,6,6,7.14,7.8
2026-06-28,9,4,11999.0,115,6,6,1,0,0,11,16,9,8.57,8.1
2026-06-29,9,4,11999.0,83,0,6,0,0,0,8,11,4,8.86,8.2
2026-06-30,9,4,11999.0,101,1,6,0,0,0,5,8,5,9.43,8.07
2026-07-01,9,4,11999.0,103,2,7,0,0,0,9,5,12,9.43,7.87
2026-07-02,9,4,9599.2,143,3,7,0,1,20,9,9,8,9.0,7.97
2026-07-03,9,4,11999.0,79,4,7,0,0,0,13,9,6,9.14,8.07
2026-07-04,9,4,11999.0,133,5,7,1,0,0,14,13,16,10.14,8.4
2026-07-05,9,4,11999.0,145,6,7,1,0,0,18,14,11,9.86,8.57
2026-07-06,9,4,11999.0,105,0,7,0,0,0,8,18,8,10.86,8.97
2026-07-07,9,4,11999.0,109,1,7,0,0,0,5,8,5,10.86,8.77
2026-07-08,9,4,11999.0,97,2,7,0,0,0,10,5,9,10.86,8.43
2026-07-09,9,4,11999.0,75,3,7,0,0,0,7,10,9,11.0,8.47
2026-07-10,9,4,11999.0,103,4,7,0,0,0,7,7,13,10.71,8.57
2026-07-11,9,4,11999.0,120,5,7,1,0,0,9,7,14,9.86,8.43
2026-07-12,9,4,10799.1,183,6,7,1,1,10,19,9,18,9.14,8.5
2026-07-13,9,4,10199.15,147,0,7,0,1,15,17,19,8,9.29,8.83
2026-07-14,9,4,10799.1,123,1,7,0,1,10,12,17,5,10.57,9.27
2026-07-15,9,4,11999.0,103,2,7,0,0,0,4,12,10,11.57,9.2
2026-07-16,9,4,11999.0,90,3,7,0,0,0,10,4,7,10.71,9.17
2026-07-17,9,4,11999.0,78,4,7,0,0,0,4,10,7,11.14,9.27
2026-07-18,9,4,11999.0,116,5,7,1,0,0,11,4,9,10.71,9.23
2026-07-19,9,4,11999.0,99,6,7,1,0,0,13,11,19,11.0,9.37
2026-07-20,9,4,11999.0,72,0,7,0,0,0,6,13,17,10.14,9.63
2026-07-21,9,4,11999.0,108,1,7,0,0,0,11,6,12,8.57,9.63
2026-07-22,9,4,11999.0,65,2,7,0,0,0,11,11,4,8.43,9.7
2026-07-23,9,4,11999.0,99,3,7,0,0,0,9,11,10,9.43,9.93
2026-07-24,9,4,8999.25,126,4,7,0,1,25,14,9,4,9.29,10.07
2026-07-25,9,4,10199.15,142,5,7,1,1,15,12,14,11,10.71,10.13
2026-07-26,9,4,11999.0,128,6,7,1,0,0,7,12,13,10.86,10.27
2026-07-27,9,4,11999.0,92,0,7,0,0,0,7,7,6,10.0,10.3
2026-07-28,9,4,11999.0,99,1,7,0,0,0,7,7,11,10.14,10.0
2026-07-29,9,4,11999.0,95,2,7,0,0,0,6,7,11,9.57,9.87
2026-07-30,9,4,11999.0,104,3,7,0,0,0,5,6,9,8.86,9.8
2026-07-31,9,4,11999.0,119,4,7,0,0,0,12,5,14,8.29,9.8
2026-08-01,9,4,11999.0,107,5,8,1,0,0,7,12,12,8.0,9.9
2026-08-02,9,4,11999.0,120,6,8,1,0,0,8,7,7,7.29,9.83
2026-08-03,9,4,11999.0,94,0,8,0,0,0,8,8,7,7.43,9.67
2026-08-04,9,4,11999.0,93,1,8,0,0,0,11,8,7,7.57,9.47
2026-08-05,9,4,11999.0,74,2,8,0,0,0,7,11,6,8.14,9.23
2026-08-06,9,4,11999.0,91,3,8,0,0,0,4,7,5,8.29,9.2
2026-08-07,9,4,11999.0,105,4,8,0,0,0,6,4,12,8.14,9.17
2026-08-08,9,4,9599.2,177,5,8,1,1,20,15,6,7,7.29,9.03
2026-08-09,9,4,11999.0,136,6,8,1,0,0,13,15,8,8.43,9.3
2026-08-10,9,4,11999.0,93,0,8,0,0,0,7,13,8,9.14,9.5
2026-08-11,9,4,11999.0,101,1,8,0,0,0,10,7,11,9.0,9.43
2026-08-12,9,4,11999.0,95,2,8,0,0,0,10,10,7,8.86,9.13
2026-08-13,9,4,11999.0,77,3,8,0,0,0,4,10,4,9.29,8.9
2026-08-14,9,4,11999.0,104,4,8,0,0,0,9,4,6,9.29,8.63
2026-08-15,9,4,11999.0,109,5,8,1,0,0,8,9,15,9.71,8.8
2026-08-16,9,4,11999.0,119,6,8,1,0,0,13,8,13,8.71,8.73
2026-08-17,9,4,11999.0,113,0,8,0,0,0,6,13,7,8.71,9.03
2026-08-18,9,4,11999.0,109,1,8,0,0,0,6,6,10,8.57,8.87
2026-08-19,9,4,11999.0,91,2,8,0,0,0,8,6,10,8.0,8.63
2026-08-20,9,4,11999.0,67,3,8,0,0,0,9,8,4,7.71,8.7
2026-08-21,9,4,11999.0,114,4,8,0,0,0,9,9,9,8.43,8.63
2026-08-22,9,4,11999.0,108,5,8,1,0,0,16,9,8,8.43,8.57
2026-08-23,9,4,11999.0,116,6,8,1,0,0,6,16,13,9.57,8.8
2026-08-24,9,4,10199.15,139,0,8,0,1,15,6,6,6,8.57,8.53
2026-08-25,9,4,11999.0,98,1,8,0,0,0,6,6,6,8.57,8.33
2026-08-26,9,4,10799.1,109,2,8,0,1,10,16,6,8,8.57,8.3
2026-08-27,9,4,11999.0,88,3,8,0,0,0,6,16,9,9.71,8.6
2026-08-28,9,4,11999.0,84,4,8,0,0,0,12,6,9,9.29,8.57
2026-08-29,9,4,11999.0,110,5,8,1,0,0,9,12,16,9.71,8.77
2026-08-30,9,4,11999.0,102,6,8,1,0,0,17,9,6,8.71,8.9
2026-08-31,9,4,11999.0,104,0,8,0,0,0,12,17,6,10.29,9.07
2026-09-01,9,4,11999.0,101,1,9,0,0,0,5,12,6,11.14,9.23
2026-09-02,9,4,11999.0,93,2,9,0,0,0,8,5,16,11.0,9.13
2026-09-03,9,4,11999.0,59,3,9,0,0,0,3,8,6,9.86,9.13
2026-09-04,9,4,11999.0,67,4,9,0,0,0,14,3,12,9.43,8.87
2026-09-05,9,4,11999.0,123,5,9,1,0,0,11,14,9,9.71,9.1
2026-09-06,9,4,9599.2,154,6,9,1,1,20,17,11,17,10.0,9.33
2026-09-07,9,4,11999.0,77,0,9,0,0,0,5,17,12,10.0,9.7
2026-09-08,9,4,11999.0,80,1,9,0,0,0,6,5,5,9.0,9.37
2026-09-09,9,4,11999.0,87,2,9,0,0,0,9,6,8,9.14,9.13
2026-09-10,9,4,11999.0,75,3,9,0,0,0,7,9,3,9.29,9.2
2026-09-11,9,4,11999.0,72,4,9,0,0,0,6,7,14,9.86,9.1
2026-09-12,9,4,11999.0,89,5,9,1,0,0,7,6,11,8.71,8.97
2026-09-13,9,4,11999.0,94,6,9,1,0,0,6,7,17,8.14,9.07
2026-09-14,9,4,10199.15,89,0,9,0,1,15,6,6,5,6.57,8.97
2026-09-15,9,4,11999.0,111,1,9,0,0,0,9,6,6,6.71,8.9
2026-09-16,9,4,11999.0,66,2,9,0,0,0,6,9,9,7.14,8.77
2026-09-17,9,4,10199.15,130,3,9,0,1,15,5,6,7,6.71,8.77
2026-09-18,9,4,11999.0,99,4,9,0,0,0,5,5,6,6.43,8.73
2026-09-19,9,4,11999.0,130,5,9,1,0,0,10,5,7,6.29,8.63
2026-09-20,9,4,11999.0,107,6,9,1,0,0,15,10,6,6.71,8.67
2026-09-21,9,4,11999.0,64,0,9,0,0,0,8,15,6,8.0,8.87
2026-09-22,9,4,11999.0,95,1,9,0,0,0,3,8,9,8.29,8.6
2026-09-23,9,4,11999.0,78,2,9,0,0,0,7,3,6,7.43,8.5
2026-09-24,9,4,11999.0,87,3,9,0,0,0,5,7,5,7.57,8.53
2026-09-25,9,4,11999.0,89,4,9,0,0,0,9,5,5,7.57,8.5
2026-09-26,9,4,11999.0,126,5,9,1,0,0,15,9,10,8.14,8.27
2025-09-26,10,5,114990.0,58,4,9,0,0,0,0,1,1,,
2025-09-27,10,5,91992.0,45,5,9,1,1,20,5,0,1,0.0,0.0
2025-09-28,10,5,114990.0,63,6,9,1,0,0,4,5,1,2.5,2.5
2025-09-29,10,5,114990.0,49,0,9,0,0,0,3,4,1,3.0,3.0
2025-09-30,10,5,114990.0,27,1,9,0,0,0,1,3,1,3.0,3.0
2025-10-01,10,5,114990.0,23,2,10,0,0,0,3,1,1,2.6,2.6
2025-10-02,10,5,114990.0,40,3,10,0,0,0,0,3,1,2.67,2.67
2025-10-03,10,5,114990.0,45,4,10,0,0,0,2,0,0,2.29,2.29
2025-10-04,10,5,114990.0,64,5,10,1,0,0,2,2,5,2.57,2.25
2025-10-05,10,5,114990.0,30,6,10,1,0,0,3,2,4,2.14,2.22
2025-10-06,10,5,114990.0,56,0,10,0,0,0,1,3,3,2.0,2.3
2025-10-07,10,5,114990.0,62,1,10,0,0,0,2,1,1,1.71,2.18
2025-10-08,10,5,114990.0,41,2,10,0,0,0,2,2,3,1.86,2.17
2025-10-09,10,5,114990.0,22,3,10,0,0,0,3,2,0,1.71,2.15
2025-10-10,10,5,114990.0,44,4,10,0,0,0,5,3,2,2.14,2.21
2025-10-11,10,5,114990.0,68,5,10,1,0,0,5,5,2,2.57,2.4
2025-10-12,10,5,114990.0,55,6,10,1,0,0,3,5,3,3.0,2.56
2025-10-13,10,5,114990.0,50,0,10,0,0,0,2,3,1,3.0,2.59
2025-10-14,10,5,114990.0,28,1,10,0,0,0,1,2,2,3.14,2.56
2025-10-15,10,5,97741.5,57,2,10,0,1,15,3,1,2,3.0,2.47
2025-10-16,10,5,114990.0,47,3,10,0,0,0,2,3,3,3.14,2.5
2025-10-17,10,5,103491.0,67,4,10,0,1,10,4,2,5,3.0,2.48
2025-10-18,10,5,114990.0,56,5,10,1,0,0,3,4,5,2.86,2.55
2025-10-19,10,5,114990.0,71,6,10,1,0,0,5,3,3,2.57,2.57
2025-10-20,10,5,114990.0,49,0,10,0,0,0,1,5,2,2.86,2.67
2025-10-21,10,5,103491.0,51,1,10,0,1,10,1,1,1,2.71,2.6
2025-10-22,10,5,114990.0,28,2,10,0,0,0,3,1,3,2.71,2.54
2025-10-23,10,5,114990.0,48,3,10,0,0,0,1,3,2,2.71,2.56
2025-10-24,10,5,114990.0,59,4,10,0,0,0,1,1,4,2.57,2.5
2025-10-25,10,5,114990.0,59,5,10,1,0,0,4,1,3,2.14,2.45
2025-10-26,10,5,114990.0,59,6,10,1,0,0,3,4,5,2.29,2.5
2025-10-27,10,5,114990.0,48,0,10,0,0,0,4,3,1,2.0,2.6
2025-10-28,10,5,114990.0,38,1,10,0,0,0,2,4,1,2.43,2.57
2025-10-29,10,5,114990.0,28,2,10,0,0,0,4,2,3,2.57,2.5
2025-10-30,10,5,114990.0,52,3,10,0,0,0,1,4,1,2.71,2.53
2025-10-31,10,5,114990.0,60,4,10,0,0,0,5,1,1,2.71,2.53
2025-11-01,10,5,114990.0,62,5,11,1,0,0,2,5,4,3.29,2.6
2025-11-02,10,5,97741.5,48,6,11,1,1,15,5,2,3,3.0,2.67
2025-11-03,10,5,91992.0,31,0,11,0,1,20,1,5,4,3.29,2.77
2025-11-04,10,5,103491.0,56,1,11,0,1,10,8,1,2,2.86,2.73
2025-11-05,10,5,91992.0,39,2,11,0,1,20,6,8,4,3.71,2.9
2025-11-06,10,5,114990.0,31,3,11,0,0,0,1,6,1,4.0,3.07
2025-11-07,10,5,114990.0,54,4,11,0,0,0,2,1,5,4.0,3.03
2025-11-08,10,5,114990.0,71,5,11,1,0,0,5,2,2,3.57,3.03
2025-11-09,10,5,114990.0,47,6,11,1,0,0,2,5,5,4.0,3.1
2025-11-10,10,5,114990.0,51,0,11,0,0,0,0,2,1,3.57,3.0
2025-11-11,10,5,114990.0,39,1,11,0,0,0,2,0,8,3.43,2.83
2025-11-12,10,5,114990.0,30,2,11,0,0,0,2,2,6,2.57,2.8
2025-11-13,10,5,103491.0,36,3,11,0,1,10,1,2,1,2.0,2.8
2025-11-14,10,5,114990.0,67,4,11,0,0,0,3,1,2,2.0,2.8
2025-11-15,10,5,114990.0,31,5,11,1,0,0,2,3,5,2.14,2.8
2025-11-16,10,5,114990.0,45,6,11,1,0,0,0,2,2,1.71,2.8
2025-11-17,10,5,114990.0,45,0,11,0,0,0,1,0,0,1.43,2.67
2025-11-18,10,5,114990.0,55,1,11,0,0,0,1,1,2,1.57,2.6
2025-11-19,10,5,114990.0,47,2,11,0,0,0,3,1,2,1.43,2.47
2025-11-20,10,5,103491.0,70,3,11,0,1,10,3,3,1,1.57,2.53
2025-11-21,10,5,114990.0,59,4,11,0,0,0,0,3,3,1.86,2.6
2025-11-22,10,5,114990.0,41,5,11,1,0,0,3,0,2,1.43,2.5
2025-11-23,10,5,114990.0,52,6,11,1,0,0,2,3,0,1.57,2.57
2025-11-24,10,5,114990.0,61,0,11,0,0,0,2,2,1,1.86,2.6
2025-11-25,10,5,114990.0,42,1,11,0,0,0,2,2,1,2.0,2.53
2025-11-26,10,5,114990.0,26,2,11,0,0,0,2,2,3,2.14,2.5
2025-11-27,10,5,114990.0,50,3,11,0,0,0,0,2,3,2.0,2.43
2025-11-28,10,5,97741.5,44,4,11,0,1,15,3,0,0,1.57,2.37
2025-11-29,10,5,114990.0,71,5,11,1,0,0,1,3,3,2.0,2.33
2025-11-30,10,5,114990.0,35,6,11,1,0,0,2,1,2,1.71,2.33
2025-12-01,10,5,114990.0,55,0,12,0,0,0,2,2,2,1.71,2.23
2025-12-02,10,5,114990.0,28,1,12,0,0,0,0,2,2,1.71,2.23
2025-12-03,10,5,114990.0,39,2,12,0,0,0,0,0,2,1.43,2.07
2025-12-04,10,5,114990.0,38,3,12,0,0,0,2,0,0,1.14,2.03
2025-12-05,10,5,114990.0,37,4,12,0,0,0,3,2,3,1.43,1.83
2025-12-06,10,5,114990.0,58,5,12,1,0,0,7,3,1,1.43,1.73
2025-12-07,10,5,114990.0,47,6,12,1,0,0,2,7,2,2.29,1.93
2025-12-08,10,5,114990.0,31,0,12,0,0,0,1,2,2,2.29,1.93
2025-12-09,10,5,114990.0,51,1,12,0,0,0,3,1,0,2.14,1.8
2025-12-10,10,5,114990.0,52,2,12,0,0,0,3,3,0,2.57,1.83
2025-12-11,10,5,114990.0,65,3,12,0,0,0,3,3,2,3.0,1.93
2025-12-12,10,5,114990.0,26,4,12,0,0,0,2,3,3,3.14,1.97
2025-12-13,10,5,114990.0,62,5,12,1,0,0,2,2,7,3.0,1.97
2025-12-14,10,5,114990.0,59,6,12,1,0,0,4,2,2,2.29,2.0
2025-12-15,10,5,86242.5,72,0,12,0,1,25,3,4,1,2.57,2.03
2025-12-16,10,5,114990.0,53,1,12,0,0,0,3,3,3,2.86,2.07
2025-12-17,10,5,114990.0,22,2,12,0,0,0,2,3,3,2.86,2.17
2025-12-18,10,5,114990.0,25,3,12,0,0,0,0,2,3,2.71,2.2
2025-12-19,10,5,114990.0,56,4,12,0,0,0,0,0,2,2.29,2.17
2025-12-20,10,5,114990.0,38,5,12,1,0,0,6,0,2,2.0,2.07
2025-12-21,10,5,114990.0,53,6,12,1,0,0,4,6,4,2.57,2.17
2025-12-22,10,5,114990.0,54,0,12,0,0,0,3,4,3,2.57,2.3
2025-12-23,10,5,114990.0,23,1,12,0,0,0,2,3,3,2.57,2.3
2025-12-24,10,5,114990.0,36,2,12,0,0,0,0,2,2,2.43,2.3
2025-12-25,10,5,114990.0,54,3,12,0,0,0,6,0,0,2.14,2.23
2025-12-26,10,5,114990.0,34,4,12,0,0,0,1,6,0,3.0,2.37
2025-12-27,10,5,114990.0,63,5,12,1,0,0,1,1,6,3.14,2.33
2025-12-28,10,5,114990.0,38,6,12,1,0,0,1,1,4,2.43,2.37
2025-12-29,10,5,114990.0,60,0,12,0,0,0,4,1,3,2.0,2.3
2025-12-30,10,5,114990.0,51,1,12,0,0,0,2,4,2,2.14,2.4
2025-12-31,10,5,114990.0,28,2,12,0,0,0,3,2,0,2.14,2.4
2026-01-01,10,5,114990.0,27,3,1,0,0,0,3,3,6,2.57,2.43
2026-01-02,10,5,114990.0,44,4,1,0,0,0,6,3,1,2.14,2.53
2026-01-03,10,5,114990.0,21,5,1,1,0,0,1,6,1,2.86,2.73
2026-01-04,10,5,114990.0,47,6,1,1,0,0,2,1,1,2.86,2.7
2026-01-05,10,5,114990.0,24,0,1,0,0,0,3,2,4,3.0,2.67
2026-01-06,10,5,114990.0,20,1,1,0,0,0,2,3,2,2.86,2.53
2026-01-07,10,5,103491.0,63,2,1,0,1,10,5,2,3,2.86,2.53
2026-01-08,10,5,114990.0,50,3,1,0,0,0,1,5,3,3.14,2.67
2026-01-09,10,5,114990.0,35,4,1,0,0,0,3,1,6,2.86,2.6
2026-01-10,10,5,114990.0,55,5,1,1,0,0,3,3,1,2.43,2.6
2026-01-11,10,5,114990.0,41,6,1,1,0,0,3,3,2,2.71,2.6
2026-01-12,10,5,114990.0,33,0,1,0,0,0,0,3,3,2.86,2.63
2026-01-13,10,5,114990.0,23,1,1,0,0,0,0,0,2,2.43,2.57
2026-01-14,10,5,114990.0,56,2,1,0,0,0,0,0,5,2.14,2.43
2026-01-15,10,5,97741.5,50,3,1,0,1,15,1,0,1,1.43,2.33
2026-01-16,10,5,114990.0,47,4,1,0,0,0,0,1,3,1.43,2.27
2026-01-17,10,5,114990.0,24,5,1,1,0,0,4,0,3,1.0,2.2
2026-01-18,10,5,114990.0,48,6,1,1,0,0,1,4,3,1.14,2.33
2026-01-19,10,5,114990.0,53,0,1,0,0,0,0,1,0,0.86,2.37
2026-01-20,10,5,114990.0,44,1,1,0,0,0,3,0,0,0.86,2.17
2026-01-21,10,5,114990.0,48,2,1,0,0,0,3,3,0,1.29,2.13
2026-01-22,10,5,114990.0,22,3,1,0,0,0,1,3,1,1.71,2.13
2026-01-23,10,5,114990.0,32,4,1,0,0,0,2,1,0,1.71,2.1
2026-01-24,10,5,114990.0,37,5,1,1,0,0,3,2,4,2.0,2.17
2026-01-25,10,5,97741.5,52,6,1,1,1,15,0,3,1,1.86,2.07
2026-01-26,10,5,114990.0,61,0,1,0,0,0,1,0,0,1.71,2.03
2026-01-27,10,5,114990.0,27,1,1,0,0,0,2,1,3,1.86,2.03
2026-01-28,10,5,114990.0,27,2,1,0,0,0,0,2,3,1.71,2.07
2026-01-29,10,5,114990.0,56,3,1,0,0,0,4,0,1,1.29,1.93
2026-01-30,10,5,114990.0,31,4,1,0,0,0,4,4,2,1.71,2.0
2026-01-31,10,5,114990.0,19,5,1,1,0,0,0,4,3,2.0,2.03
2026-02-01,10,5,114990.0,43,6,2,1,0,0,2,0,0,1.57,1.93
2026-02-02,10,5,114990.0,54,0,2,0,0,0,3,2,1,1.86,1.8
2026-02-03,10,5,114990.0,37,1,2,0,0,0,0,3,2,2.14,1.87
2026-02-04,10,5,114990.0,44,2,2,0,0,0,1,0,0,1.86,1.8
2026-02-05,10,5,114990.0,19,3,2,0,0,0,2,1,4,2.0,1.73
2026-02-06,10,5,103491.0,62,4,2,0,1,10,3,2,4,1.71,1.73
2026-02-07,10,5,114990.0,23,5,2,1,0,0,1,3,0,1.57,1.67
2026-02-08,10,5,114990.0,31,6,2,1,0,0,2,1,2,1.71,1.67
2026-02-09,10,5,114990.0,37,0,2,0,0,0,0,2,3,1.71,1.63
2026-02-10,10,5,114990.0,25,1,2,0,0,0,1,0,0,1.29,1.53
2026-02-11,10,5,114990.0,54,2,2,0,0,0,2,1,1,1.43,1.47
2026-02-12,10,5,114990.0,18,3,2,0,0,0,0,2,2,1.57,1.53
2026-02-13,10,5,103491.0,51,4,2,0,1,10,1,0,3,1.29,1.53
2026-02-14,10,5,114990.0,44,5,2,1,0,0,1,1,1,1.0,1.57
2026-02-15,10,5,114990.0,28,6,2,1,0,0,1,1,2,1.0,1.57
2026-02-16,10,5,114990.0,53,0,2,0,0,0,1,1,0,0.86,1.6
2026-02-17,10,5,114990.0,29,1,2,0,0,0,1,1,1,1.0,1.5
2026-02-18,10,5,114990.0,55,2,2,0,0,0,1,1,2,1.0,1.5
2026-02-19,10,5,114990.0,38,3,2,0,0,0,1,1,0,0.86,1.53
2026-02-20,10,5,114990.0,56,4,2,0,0,0,4,1,1,1.0,1.47
2026-02-21,10,5,91992.0,53,5,2,1,1,20,3,4,1,1.43,1.5
2026-02-22,10,5,114990.0,50,6,2,1,0,0,3,3,1,1.71,1.57
2026-02-23,10,5,114990.0,42,0,2,0,0,0,3,3,1,2.0,1.6
2026-02-24,10,5,114990.0,45,1,2,0,0,0,0,3,1,2.29,1.6
2026-02-25,10,5,114990.0,31,2,2,0,0,0,2,0,1,2.14,1.6
2026-02-26,10,5,114990.0,43,3,2,0,0,0,0,2,1,2.29,1.63
2026-02-27,10,5,114990.0,56,4,2,0,0,0,2,0,4,2.14,1.57
2026-02-28,10,5,114990.0,57,5,2,1,0,0,2,2,3,1.86,1.63
2026-03-01,10,5,114990.0,37,6,3,1,0,0,1,2,3,1.71,1.57
2026-03-02,10,5,114990.0,43,0,3,0,0,0,0,1,3,1.43,1.47
2026-03-03,10,5,114990.0,52,1,3,0,0,0,3,0,0,1.0,1.47
2026-03-04,10,5,114990.0,20,2,3,0,0,0,1,3,2,1.43,1.5
2026-03-05,10,5,114990.0,18,3,3,0,0,0,0,1,0,1.29,1.43
2026-03-06,10,5,114990.0,56,4,3,0,0,0,1,0,2,1.29,1.43
2026-03-07,10,5,114990.0,42,5,3,1,0,0,2,1,2,1.14,1.43
2026-03-08,10,5,114990.0,58,6,3,1,0,0,2,2,1,1.14,1.43
2026-03-09,10,5,114990.0,39,0,3,0,0,0,2,2,0,1.29,1.4
2026-03-10,10,5,114990.0,56,1,3,0,0,0,1,2,3,1.57,1.43
2026-03-11,10,5,114990.0,40,2,3,0,0,0,3,1,1,1.29,1.4
2026-03-12,10,5,114990.0,52,3,3,0,0,0,0,3,0,1.57,1.5
2026-03-13,10,5,114990.0,54,4,3,0,0,0,3,0,1,1.57,1.47
2026-03-14,10,5,114990.0,70,5,3,1,0,0,3,3,2,1.86,1.5
2026-03-15,10,5,114990.0,28,6,3,1,0,0,1,3,2,2.0,1.6
2026-03-16,10,5,114990.0,47,0,3,0,0,0,2,1,2,1.86,1.6
2026-03-17,10,5,114990.0,46,1,3,0,0,0,2,2,1,1.86,1.63
2026-03-18,10,5,114990.0,37,2,3,0,0,0,2,2,3,2.0,1.67
2026-03-19,10,5,114990.0,41,3,3,0,0,0,4,2,0,1.86,1.7
2026-03-20,10,5,114990.0,36,4,3,0,0,0,1,4,3,2.43,1.8
2026-03-21,10,5,114990.0,40,5,3,1,0,0,1,1,3,2.14,1.8
2026-03-22,10,5,114990.0,57,6,3,1,0,0,1,1,1,1.86,1.8
2026-03-23,10,5,91992.0,52,0,3,0,1,20,3,1,2,1.86,1.7
2026-03-24,10,5,114990.0,22,1,3,0,0,0,2,3,2,2.0,1.7
2026-03-25,10,5,114990.0,34,2,3,0,0,0,3,2,2,2.0,1.67
2026-03-26,10,5,114990.0,20,3,3,0,0,0,4,3,4,2.14,1.67
2026-03-27,10,5,114990.0,22,4,3,0,0,0,0,4,1,2.14,1.8
2026-03-28,10,5,114990.0,59,5,3,1,0,0,1,0,1,2.0,1.73
2026-03-29,10,5,114990.0,56,6,3,1,0,0,0,1,1,2.0,1.77
2026-03-30,10,5,114990.0,39,0,3,0,0,0,1,0,3,1.86,1.7
2026-03-31,10,5,91992.0,52,1,3,0,1,20,8,1,2,1.57,1.67
2026-04-01,10,5,91992.0,62,2,4,0,1,20,1,8,3,2.43,1.9
2026-04-02,10,5,114990.0,50,3,4,0,0,0,1,1,4,2.14,1.93
2026-04-03,10,5,114990.0,32,4,4,0,0,0,1,1,0,1.71,1.87
2026-04-04,10,5,114990.0,25,5,4,1,0,0,4,1,1,1.86,1.87
2026-04-05,10,5,114990.0,61,6,4,1,0,0,4,4,0,2.29,2.0
2026-04-06,10,5,114990.0,59,0,4,0,0,0,0,4,1,2.86,2.1
2026-04-07,10,5,114990.0,22,1,4,0,0,0,2,0,8,2.71,2.03
2026-04-08,10,5,114990.0,40,2,4,0,0,0,5,2,1,1.86,2.03
2026-04-09,10,5,114990.0,58,3,4,0,0,0,0,5,1,2.43,2.13
2026-04-10,10,5,114990.0,49,4,4,0,0,0,2,0,1,2.29,2.1
2026-04-11,10,5,114990.0,41,5,4,1,0,0,2,2,4,2.43,2.07
2026-04-12,10,5,114990.0,32,6,4,1,0,0,2,2,4,2.14,2.13
2026-04-13,10,5,114990.0,26,0,4,0,0,0,2,2,0,1.86,2.1
2026-04-14,10,5,114990.0,64,1,4,0,0,0,2,2,2,2.14,2.07
2026-04-15,10,5,114990.0,36,2,4,0,0,0,1,2,5,2.14,2.1
2026-04-16,10,5,114990.0,55,3,4,0,0,0,2,1,0,1.57,2.07
2026-04-17,10,5,114990.0,48,4,4,0,0,0,0,2,2,1.86,2.07
2026-04-18,10,5,114990.0,63,5,4,1,0,0,2,0,2,1.57,2.0
2026-04-19,10,5,114990.0,46,6,4,1,0,0,2,2,2,1.57,1.93
2026-04-20,10,5,114990.0,49,0,4,0,0,0,1,2,2,1.57,1.97
2026-04-21,10,5,114990.0,51,1,4,0,0,0,1,1,2,1.43,1.97
2026-04-22,10,5,91992.0,58,2,4,0,1,20,4,1,1,1.29,1.97
2026-04-23,10,5,114990.0,19,3,4,0,0,0,3,4,2,1.71,2.0
2026-04-24,10,5,114990.0,49,4,4,0,0,0,5,3,0,1.86,2.03
2026-04-25,10,5,114990.0,40,5,4,1,0,0,1,5,2,2.57,2.1
2026-04-26,10,5,114990.0,31,6,4,1,0,0,3,1,2,2.43,2.0
2026-04-27,10,5,97741.5,54,0,4,0,1,15,2,3,1,2.57,2.1
2026-04-28,10,5,114990.0,33,1,4,0,0,0,1,2,1,2.71,2.13
2026-04-29,10,5,114990.0,43,2,4,0,0,0,1,1,4,2.71,2.17
2026-04-30,10,5,86242.5,58,3,4,0,1,25,3,1,3,2.29,2.17
2026-05-01,10,5,114990.0,20,4,5,0,0,0,1,3,5,2.29,2.0
2026-05-02,10,5,114990.0,46,5,5,1,0,0,3,1,1,1.71,2.0
2026-05-03,10,5,114990.0,39,6,5,1,0,0,1,3,3,2.0,2.07
2026-05-04,10,5,114990.0,43,0,5,0,0,0,1,1,2,1.71,2.07
2026-05-05,10,5,114990.0,45,1,5,0,0,0,2,1,1,1.57,1.97
2026-05-06,10,5,114990.0,24,2,5,0,0,0,2,2,1,1.71,1.9
2026-05-07,10,5,114990.0,46,3,5,0,0,0,0,2,3,1.86,1.97
2026-05-08,10,5,114990.0,44,4,5,0,0,0,2,0,1,1.43,1.9
2026-05-09,10,5,114990.0,39,5,5,1,0,0,2,2,3,1.57,1.8
2026-05-10,10,5,114990.0,24,6,5,1,0,0,2,2,1,1.43,1.87
2026-05-11,10,5,114990.0,41,0,5,0,0,0,1,2,1,1.57,1.87
2026-05-12,10,5,114990.0,48,1,5,0,0,0,2,1,2,1.57,1.83
2026-05-13,10,5,114990.0,45,2,5,0,0,0,2,2,2,1.57,1.83
2026-05-14,10,5,114990.0,46,3,5,0,0,0,2,2,0,1.57,1.83
2026-05-15,10,5,114990.0,36,4,5,0,0,0,2,2,2,1.86,1.83
2026-05-16,10,5,114990.0,28,5,5,1,0,0,1,2,2,1.86,1.87
2026-05-17,10,5,114990.0,28,6,5,1,0,0,1,1,2,1.71,1.83
2026-05-18,10,5,114990.0,24,0,5,0,0,0,0,1,1,1.57,1.87
2026-05-19,10,5,114990.0,20,1,5,0,0,0,1,0,2,1.43,1.8
2026-05-20,10,5,114990.0,19,2,5,0,0,0,0,1,2,1.29,1.77
2026-05-21,10,5,114990.0,20,3,5,0,0,0,2,0,2,1.0,1.73
2026-05-22,10,5,114990.0,42,4,5,0,0,0,1,2,2,1.0,1.77
2026-05-23,10,5,114990.0,46,5,5,1,0,0,2,1,1,0.86,1.67
2026-05-24,10,5,114990.0,31,6,5,1,0,0,1,2,1,1.0,1.63
2026-05-25,10,5,114990.0,54,0,5,0,0,0,1,1,0,1.0,1.5
2026-05-26,10,5,114990.0,55,1,5,0,0,0,1,1,1,1.14,1.5
2026-05-27,10,5,114990.0,29,2,5,0,0,0,1,1,0,1.14,1.43
2026-05-28,10,5,114990.0,53,3,5,0,0,0,2,1,2,1.29,1.4
2026-05-29,10,5,114990.0,31,4,5,0,0,0,1,2,1,1.29,1.43
2026-05-30,10,5,114990.0,54,5,5,1,0,0,1,1,2,1.29,1.43
2026-05-31,10,5,114990.0,36,6,5,1,0,0,2,1,1,1.14,1.37
2026-06-01,10,5,114990.0,20,0,6,0,0,0,0,2,1,1.29,1.4
2026-06-02,10,5,114990.0,53,1,6,0,0,0,0,0,1,1.14,1.3
2026-06-03,10,5,114990.0,24,2,6,0,0,0,0,0,1,1.0,1.27
2026-06-04,10,5,114990.0,39,3,6,0,0,0,2,0,2,0.86,1.23
2026-06-05,10,5,114990.0,16,4,6,0,0,0,0,2,1,0.86,1.23
2026-06-06,10,5,86242.5,39,5,6,1,1,25,5,0,1,0.71,1.17
2026-06-07,10,5,114990.0,52,6,6,1,0,0,4,5,2,1.29,1.33
2026-06-08,10,5,97741.5,40,0,6,0,1,15,4,4,0,1.57,1.4
2026-06-09,10,5,114990.0,43,1,6,0,0,0,2,4,0,2.14,1.47
2026-06-10,10,5,114990.0,43,2,6,0,0,0,1,2,0,2.43,1.47
2026-06-11,10,5,114990.0,63,3,6,0,0,0,3,1,2,2.57,1.47
2026-06-12,10,5,114990.0,50,4,6,0,0,0,2,3,0,2.71,1.5
2026-06-13,10,5,114990.0,24,5,6,1,0,0,1,2,5,3.0,1.5
2026-06-14,10,5,114990.0,27,6,6,1,0,0,3,1,4,2.43,1.47
2026-06-15,10,5,114990.0,21,0,6,0,0,0,1,3,4,2.29,1.5
2026-06-16,10,5,114990.0,55,1,6,0,0,0,1,1,2,1.86,1.5
2026-06-17,10,5,114990.0,39,2,6,0,0,0,0,1,1,1.71,1.5
2026-06-18,10,5,114990.0,41,3,6,0,0,0,0,0,3,1.57,1.5
2026-06-19,10,5,114990.0,13,4,6,0,0,0,0,0,2,1.14,1.47
2026-06-20,10,5,97741.5,43,5,6,1,1,15,1,0,1,0.86,1.47
2026-06-21,10,5,114990.0,30,6,6,1,0,0,1,1,3,0.86,1.43
2026-06-22,10,5,114990.0,55,0,6,0,0,0,2,1,1,0.57,1.43
2026-06-23,10,5,86242.5,42,1,6,0,1,25,2,2,1,0.71,1.43
2026-06-24,10,5,114990.0,44,2,6,0,0,0,1,2,0,0.86,1.47
2026-06-25,10,5,114990.0,47,3,6,0,0,0,1,1,0,1.0,1.47
2026-06-26,10,5,86242.5,56,4,6,0,1,25,1,1,0,1.14,1.47
2026-06-27,10,5,114990.0,28,5,6,1,0,0,1,1,1,1.29,1.47
2026-06-28,10,5,114990.0,65,6,6,1,0,0,1,1,1,1.29,1.43
2026-06-29,10,5,114990.0,36,0,6,0,0,0,0,1,2,1.29,1.43
2026-06-30,10,5,114990.0,28,1,6,0,0,0,0,0,2,1.0,1.4
2026-07-01,10,5,114990.0,53,2,7,0,0,0,1,0,1,0.71,1.33
2026-07-02,10,5,114990.0,28,3,7,0,0,0,0,1,1,0.71,1.37
2026-07-03,10,5,114990.0,49,4,7,0,0,0,4,0,1,0.57,1.37
2026-07-04,10,5,114990.0,35,5,7,1,0,0,1,4,1,1.0,1.5
2026-07-05,10,5,97741.5,48,6,7,1,1,15,4,1,1,1.0,1.47
2026-07-06,10,5,114990.0,62,0,7,0,0,0,1,4,0,1.43,1.6
2026-07-07,10,5,114990.0,45,1,7,0,0,0,5,1,0,1.57,1.47
2026-07-08,10,5,114990.0,59,2,7,0,0,0,1,5,1,2.29,1.5
2026-07-09,10,5,86242.5,55,3,7,0,1,25,3,1,0,2.29,1.4
2026-07-10,10,5,114990.0,31,4,7,0,0,0,1,3,4,2.71,1.43
2026-07-11,10,5,103491.0,55,5,7,1,1,10,1,1,1,2.29,1.43
2026-07-12,10,5,114990.0,50,6,7,1,0,0,4,1,4,2.29,1.37
2026-07-13,10,5,103491.0,58,0,7,0,1,10,3,4,1,2.29,1.43
2026-07-14,10,5,114990.0,18,1,7,0,0,0,1,3,5,2.57,1.5
2026-07-15,10,5,114990.0,36,2,7,0,0,0,1,1,1,2.0,1.43
2026-07-16,10,5,114990.0,39,3,7,0,0,0,2,1,3,2.0,1.43
2026-07-17,10,5,114990.0,26,4,7,0,0,0,2,2,1,1.86,1.47
2026-07-18,10,5,86242.5,44,5,7,1,1,25,2,2,1,2.0,1.53
2026-07-19,10,5,114990.0,27,6,7,1,0,0,1,2,4,2.14,1.6
2026-07-20,10,5,114990.0,44,0,7,0,0,0,2,1,3,1.71,1.63
2026-07-21,10,5,114990.0,42,1,7,0,0,0,1,2,1,1.57,1.67
2026-07-22,10,5,114990.0,47,2,7,0,0,0,1,1,1,1.57,1.67
2026-07-23,10,5,114990.0,41,3,7,0,0,0,4,1,2,1.57,1.63
2026-07-24,10,5,114990.0,25,4,7,0,0,0,2,4,2,1.86,1.7
2026-07-25,10,5,114990.0,28,5,7,1,0,0,0,2,2,1.86,1.73
2026-07-26,10,5,114990.0,33,6,7,1,0,0,4,0,1,1.57,1.7
2026-07-27,10,5,114990.0,41,0,7,0,0,0,3,4,2,2.0,1.8
2026-07-28,10,5,114990.0,22,1,7,0,0,0,1,3,1,2.14,1.87
2026-07-29,10,5,114990.0,43,2,7,0,0,0,1,1,1,2.14,1.87
2026-07-30,10,5,114990.0,45,3,7,0,0,0,2,1,4,2.14,1.9
2026-07-31,10,5,114990.0,52,4,7,0,0,0,2,2,2,1.86,1.97
2026-08-01,10,5,114990.0,52,5,8,1,0,0,6,2,0,1.86,2.0
2026-08-02,10,5,114990.0,47,6,8,1,0,0,3,6,4,2.71,2.2
2026-08-03,10,5,114990.0,60,0,8,0,0,0,2,3,3,2.57,2.17
2026-08-04,10,5,114990.0,45,1,8,0,0,0,0,2,1,2.43,2.2
2026-08-05,10,5,114990.0,31,2,8,0,0,0,1,0,1,2.29,2.07
2026-08-06,10,5,114990.0,39,3,8,0,0,0,0,1,2,2.29,2.07
2026-08-07,10,5,114990.0,52,4,8,0,0,0,0,0,2,2.0,1.9
2026-08-08,10,5,114990.0,44,5,8,1,0,0,1,0,6,1.71,1.87
2026-08-09,10,5,114990.0,42,6,8,1,0,0,3,1,3,1.0,1.8
2026-08-10,10,5,114990.0,25,0,8,0,0,0,2,3,2,1.0,1.87
2026-08-11,10,5,114990.0,41,1,8,0,0,0,2,2,0,1.0,1.9
2026-08-12,10,5,114990.0,44,2,8,0,0,0,0,2,1,1.29,1.83
2026-08-13,10,5,114990.0,29,3,8,0,0,0,4,0,0,1.14,1.73
2026-08-14,10,5,114990.0,46,4,8,0,0,0,2,4,0,1.71,1.83
2026-08-15,10,5,114990.0,37,5,8,1,0,0,4,2,1,2.0,1.87
2026-08-16,10,5,114990.0,42,6,8,1,0,0,3,4,3,2.43,1.93
2026-08-17,10,5,114990.0,46,0,8,0,0,0,0,3,2,2.43,1.97
2026-08-18,10,5,114990.0,21,1,8,0,0,0,1,0,2,2.14,1.9
2026-08-19,10,5,114990.0,40,2,8,0,0,0,1,1,0,2.0,1.9
2026-08-20,10,5,103491.0,72,3,8,0,1,10,3,1,4,2.14,1.87
2026-08-21,10,5,114990.0,18,4,8,0,0,0,0,3,2,2.0,1.93
2026-08-22,10,5,114990.0,38,5,8,1,0,0,2,0,4,1.71,1.9
2026-08-23,10,5,114990.0,40,6,8,1,0,0,0,2,3,1.43,1.83
2026-08-24,10,5,91992.0,33,0,8,0,1,20,5,0,0,1.0,1.77
2026-08-25,10,5,114990.0,29,1,8,0,0,0,2,5,1,1.71,1.93
2026-08-26,10,5,103491.0,34,2,8,0,1,10,5,2,1,1.86,1.87
2026-08-27,10,5,114990.0,21,3,8,0,0,0,2,5,3,2.43,1.93
2026-08-28,10,5,114990.0,56,4,8,0,0,0,1,2,0,2.29,1.97
2026-08-29,10,5,114990.0,41,5,8,1,0,0,4,1,2,2.43,1.97
2026-08-30,10,5,114990.0,46,6,8,1,0,0,4,4,0,2.71,2.03
2026-08-31,10,5,114990.0,39,0,8,0,0,0,3,4,5,3.29,2.1
2026-09-01,10,5,114990.0,17,1,9,0,0,0,1,3,2,3.0,2.0
2026-09-02,10,5,97741.5,44,2,9,0,1,15,3,1,5,2.86,1.93
2026-09-03,10,5,114990.0,53,3,9,0,0,0,1,3,2,2.57,1.97
2026-09-04,10,5,114990.0,47,4,9,0,0,0,2,1,1,2.43,2.0
2026-09-05,10,5,114990.0,27,5,9,1,0,0,0,2,4,2.57,2.03
2026-09-06,10,5,114990.0,40,6,9,1,0,0,4,0,4,2.0,2.03
2026-09-07,10,5,114990.0,50,0,9,0,0,0,1,4,3,2.0,2.17
2026-09-08,10,5,114990.0,30,1,9,0,0,0,4,1,1,1.71,2.17
2026-09-09,10,5,97741.5,40,2,9,0,1,15,0,4,3,2.14,2.2
2026-09-10,10,5,114990.0,55,3,9,0,0,0,2,0,1,1.71,2.13
2026-09-11,10,5,114990.0,41,4,9,0,0,0,1,2,2,1.86,2.13
2026-09-12,10,5,114990.0,36,5,9,1,0,0,5,1,0,1.71,2.17
2026-09-13,10,5,114990.0,38,6,9,1,0,0,5,5,4,2.43,2.2
2026-09-14,10,5,114990.0,43,0,9,0,0,0,2,5,1,2.57,2.3
2026-09-15,10,5,91992.0,49,1,9,0,1,20,2,2,4,2.71,2.23
2026-09-16,10,5,114990.0,30,2,9,0,0,0,1,2,0,2.43,2.2
2026-09-17,10,5,114990.0,45,3,9,0,0,0,2,1,2,2.57,2.23
2026-09-18,10,5,114990.0,59,4,9,0,0,0,0,2,1,2.57,2.27
2026-09-19,10,5,114990.0,62,5,9,1,0,0,2,0,5,2.43,2.23
2026-09-20,10,5,114990.0,59,6,9,1,0,0,1,2,5,2.0,2.2
2026-09-21,10,5,114990.0,35,0,9,0,0,0,0,1,2,1.43,2.23
2026-09-22,10,5,103491.0,43,1,9,0,1,10,2,0,2,1.14,2.17
2026-09-23,10,5,114990.0,60,2,9,0,0,0,4,2,1,1.14,2.23
2026-09-24,10,5,114990.0,52,3,9,0,0,0,3,4,2,1.57,2.2
2026-09-25,10,5,114990.0,26,4,9,0,0,0,2,3,0,1.71,2.23
2026-09-26,10,5,114990.0,59,5,9,1,0,0,1,2,2,2.0,2.13
2025-09-26,11,4,0.21,117,4,9,0,0,0,23,12,12,,
2025-09-27,11,4,0.21,174,5,9,1,0,0,11,23,12,23.0,23.0
2025-09-28,11,4,0.21,154,6,9,1,0,0,22,11,12,17.0,17.0
2025-09-29,11,4,0.21,135,0,9,0,0,0,11,22,12,18.67,18.67
2025-09-30,11,4,0.21,127,1,9,0,0,0,14,11,12,16.75,16.75
2025-10-01,11,4,0.21,155,2,10,0,0,0,18,14,12,16.2,16.2
2025-10-02,11,4,0.18,238,3,10,0,1,15,25,18,12,16.5,16.5
2025-10-03,11,4,0.21,144,4,10,0,0,0,21,25,23,17.71,17.71
2025-10-04,11,4,0.19,330,5,10,1,1,10,23,21,11,17.43,18.12
2025-10-05,11,4,0.21,203,6,10,1,0,0,24,23,22,19.14,18.67
2025-10-06,11,4,0.21,179,0,10,0,0,0,14,24,11,19.43,19.2
2025-10-07,11,4,0.17,203,1,10,0,1,20,24,14,14,19.86,18.73
2025-10-08,11,4,0.21,167,2,10,0,0,0,15,24,18,21.29,19.17
2025-10-09,11,4,0.21,159,3,10,0,0,0,14,15,25,20.86,18.85
2025-10-10,11,4,0.21,136,4,10,0,0,0,15,14,21,19.29,18.5
2025-10-11,11,4,0.21,233,5,10,1,0,0,27,15,23,18.43,18.27
2025-10-12,11,4,0.21,213,6,10,1,0,0,27,27,24,19.0,18.81
2025-10-13,11,4,0.21,162,0,10,0,0,0,15,27,14,19.43,19.29
2025-10-14,11,4,0.21,159,1,10,0,0,0,22,15,24,19.57,19.06
2025-10-15,11,4,0.21,155,2,10,0,0,0,14,22,15,19.29,19.21
2025-10-16,11,4,0.21,146,3,10,0,0,0,13,14,14,19.14,18.95
2025-10-17,11,4,0.21,143,4,10,0,0,0,16,13,15,19.0,18.67
2025-10-18,11,4,0.21,207,5,10,1,0,0,24,16,27,19.14,18.55
2025-10-19,11,4,0.21,202,6,10,1,0,0,17,24,27,18.71,18.78
2025-10-20,11,4,0.19,225,0,10,0,1,10,23,17,15,17.29,18.71
2025-10-21,11,4,0.21,142,1,10,0,0,0,12,23,22,18.43,18.88
2025-10-22,11,4,0.21,170,2,10,0,0,0,17,12,14,17.0,18.62
2025-10-23,11,4,0.21,181,3,10,0,0,0,11,17,13,17.43,18.56
2025-10-24,11,4,0.21,170,4,10,0,0,0,11,11,16,17.14,18.29
2025-10-25,11,4,0.21,237,5,10,1,0,0,23,11,24,16.43,18.03
2025-10-26,11,4,0.21,231,6,10,1,0,0,27,23,17,16.29,18.2
2025-10-27,11,4,0.21,163,0,10,0,0,0,19,27,23,17.71,18.33
2025-10-28,11,4,0.21,141,1,10,0,0,0,18,19,12,17.14,18.6
2025-10-29,11,4,0.21,173,2,10,0,0,0,14,18,17,18.0,18.47
2025-10-30,11,4,0.21,173,3,10,0,0,0,9,14,11,17.57,18.57
2025-10-31,11,4,0.21,179,4,10,0,0,0,14,9,11,17.29,18.4
2025-11-01,11,4,0.21,234,5,11,1,0,0,23,14,23,17.71,18.27
2025-11-02,11,4,0.21,222,6,11,1,0,0,23,23,27,17.71,18.2
2025-11-03,11,4,0.21,149,0,11,0,0,0,18,23,19,17.14,18.27
2025-11-04,11,4,0.21,144,1,11,0,0,0,22,18,18,17.0,18.1
2025-11-05,11,4,0.21,153,2,11,0,0,0,21,22,14,17.57,18.03
2025-11-06,11,4,0.21,138,3,11,0,0,0,11,21,9,18.57,18.27
2025-11-07,11,4,0.21,153,4,11,0,0,0,15,11,14,18.86,17.83
2025-11-08,11,4,0.21,214,5,11,1,0,0,30,15,23,19.0,17.83
2025-11-09,11,4,0.21,210,6,11,1,0,0,23,30,23,20.0,18.37
2025-11-10,11,4,0.21,143,0,11,0,0,0,14,23,18,20.0,18.63
2025-11-11,11,4,0.21,165,1,11,0,0,0,13,14,22,19.43,18.2
2025-11-12,11,4,0.21,140,2,11,0,0,0,17,13,21,18.14,17.73
2025-11-13,11,4,0.21,149,3,11,0,0,0,16,17,11,17.57,17.8
2025-11-14,11,4,0.21,153,4,11,0,0,0,16,16,15,18.29,17.6
2025-11-15,11,4,0.21,211,5,11,1,0,0,19,16,30,18.43,17.67
2025-11-16,11,4,0.21,225,6,11,1,0,0,24,19,23,16.86,17.87
2025-11-17,11,4,0.21,169,0,11,0,0,0,18,24,14,17.0,18.13
2025-11-18,11,4,0.21,171,1,11,0,0,0,16,18,13,17.57,17.93
2025-11-19,11,4,0.21,165,2,11,0,0,0,19,16,17,18.0,17.9
2025-11-20,11,4,0.21,153,3,11,0,0,0,19,19,16,18.29,17.77
2025-11-21,11,4,0.21,144,4,11,0,0,0,11,19,16,18.71,18.0
2025-11-22,11,4,0.21,209,5,11,1,0,0,26,11,19,18.0,17.8
2025-11-23,11,4,0.19,322,6,11,1,1,10,50,26,24,19.0,18.3
2025-11-24,11,4,0.21,167,0,11,0,0,0,18,50,18,22.71,19.6
2025-11-25,11,4,0.21,143,1,11,0,0,0,12,18,16,22.71,19.43
2025-11-26,11,4,0.21,162,2,11,0,0,0,23,12,19,22.14,18.93
2025-11-27,11,4,0.21,141,3,11,0,0,0,10,23,19,22.71,19.07
2025-11-28,11,4,0.21,159,4,11,0,0,0,18,10,11,21.43,18.8
2025-11-29,11,4,0.16,297,5,11,1,1,25,38,18,26,22.43,18.93
2025-11-30,11,4,0.21,213,6,11,1,0,0,24,38,50,24.14,19.9
2025-12-01,11,4,0.21,155,0,12,0,0,0,20,24,18,20.43,20.23
2025-12-02,11,4,0.21,137,1,12,0,0,0,11,20,12,20.71,20.13
2025-12-03,11,4,0.21,151,2,12,0,0,0,19,11,23,20.57,19.73
2025-12-04,11,4,0.21,142,3,12,0,0,0,14,19,10,20.0,19.77
2025-12-05,11,4,0.21,138,4,12,0,0,0,19,14,18,20.57,19.5
2025-12-06,11,4,0.21,209,5,12,1,0,0,23,19,38,20.71,19.43
2025-12-07,11,4,0.21,196,6,12,1,0,0,19,23,24,18.57,19.83
2025-12-08,11,4,0.21,142,0,12,0,0,0,19,19,20,17.86,19.97
2025-12-09,11,4,0.21,155,1,12,0,0,0,17,19,11,17.71,19.6
2025-12-10,11,4,0.21,153,2,12,0,0,0,14,17,19,18.57,19.4
2025-12-11,11,4,0.21,162,3,12,0,0,0,20,14,14,17.86,19.4
2025-12-12,11,4,0.21,145,4,12,0,0,0,15,20,19,18.71,19.63
2025-12-13,11,4,0.21,221,5,12,1,0,0,26,15,23,18.14,19.57
2025-12-14,11,4,0.21,191,6,12,1,0,0,25,26,19,18.57,19.9
2025-12-15,11,4,0.17,234,0,12,0,1,20,26,25,19,19.43,20.2
2025-12-16,11,4,0.21,133,1,12,0,0,0,25,26,17,20.43,20.43
2025-12-17,11,4,0.21,137,2,12,0,0,0,25,25,14,21.57,20.47
2025-12-18,11,4,0.21,154,3,12,0,0,0,14,25,20,23.14,20.7
2025-12-19,11,4,0.21,138,4,12,0,0,0,22,14,15,22.29,20.63
2025-12-20,11,4,0.21,190,5,12,1,0,0,23,22,26,23.29,20.73
2025-12-21,11,4,0.21,225,6,12,1,0,0,27,23,25,22.86,20.87
2025-12-22,11,4,0.21,143,0,12,0,0,0,22,27,26,23.14,21.4
2025-12-23,11,4,0.18,203,1,12,0,1,15,30,22,25,22.57,21.27
2025-12-24,11,4,0.21,170,2,12,0,0,0,11,30,25,23.29,20.6
2025-12-25,11,4,0.17,193,3,12,0,1,20,21,11,14,21.29,20.37
2025-12-26,11,4,0.21,163,4,12,0,0,0,21,21,22,22.29,20.67
2025-12-27,11,4,0.21,203,5,12,1,0,0,28,21,23,22.14,20.6
2025-12-28,11,4,0.21,236,6,12,1,0,0,19,28,27,22.86,21.2
2025-12-29,11,4,0.21,155,0,12,0,0,0,21,19,22,21.71,21.23
2025-12-30,11,4,0.21,167,1,12,0,0,0,18,21,30,21.57,20.67
2025-12-31,11,4,0.21,150,2,12,0,0,0,14,18,11,19.86,20.47
2026-01-01,11,4,0.21,108,3,1,0,0,0,10,14,21,20.29,20.27
2026-01-02,11,4,0.21,121,4,1,0,0,0,10,10,21,18.71,20.23
2026-01-03,11,4,0.21,165,5,1,1,0,0,10,10,28,17.14,19.93
2026-01-04,11,4,0.21,160,6,1,1,0,0,16,10,19,14.57,19.8
2026-01-05,11,4,0.21,119,0,1,0,0,0,10,16,21,14.14,19.7
2026-01-06,11,4,0.21,129,1,1,0,0,0,17,10,18,12.57,19.27
2026-01-07,11,4,0.21,105,2,1,0,0,0,11,17,14,12.43,19.2
2026-01-08,11,4,0.21,133,3,1,0,0,0,10,11,10,12.0,18.93
2026-01-09,11,4,0.21,142,4,1,0,0,0,13,10,10,12.0,18.7
2026-01-10,11,4,0.21,180,5,1,1,0,0,17,13,10,12.43,18.67
2026-01-11,11,4,0.21,172,6,1,1,0,0,12,17,16,13.43,18.57
2026-01-12,11,4,0.17,162,0,1,0,1,20,15,12,10,12.86,18.47
2026-01-13,11,4,0.21,109,1,1,0,0,0,8,15,17,13.57,18.1
2026-01-14,11,4,0.21,131,2,1,0,0,0,10,8,11,12.29,17.53
2026-01-15,11,4,0.21,96,3,1,0,0,0,9,10,10,12.14,17.0
2026-01-16,11,4,0.21,115,4,1,0,0,0,4,9,13,12.0,16.47
2026-01-17,11,4,0.21,185,5,1,1,0,0,16,4,17,10.71,15.77
2026-01-18,11,4,0.21,162,6,1,1,0,0,13,16,12,10.57,15.83
2026-01-19,11,4,0.21,107,0,1,0,0,0,10,13,15,10.71,15.53
2026-01-20,11,4,0.16,152,1,1,0,1,25,15,10,8,10.0,15.1
2026-01-21,11,4,0.21,128,2,1,0,0,0,13,15,10,11.0,14.7
2026-01-22,11,4,0.21,102,3,1,0,0,0,8,13,9,11.43,14.4
2026-01-23,11,4,0.21,112,4,1,0,0,0,9,8,4,11.29,13.67
2026-01-24,11,4,0.21,176,5,1,1,0,0,15,9,16,12.0,13.6
2026-01-25,11,4,0.21,165,6,1,1,0,0,17,15,13,11.86,13.4
2026-01-26,11,4,0.21,126,0,1,0,0,0,12,17,10,12.43,13.27
2026-01-27,11,4,0.21,123,1,1,0,0,0,9,12,15,12.71,12.73
2026-01-28,11,4,0.21,131,2,1,0,0,0,15,9,13,11.86,12.4
2026-01-29,11,4,0.21,106,3,1,0,0,0,15,15,8,12.14,12.2
2026-01-30,11,4,0.21,123,4,1,0,0,0,11,15,9,13.14,12.1
2026-01-31,11,4,0.21,144,5,1,1,0,0,17,11,15,13.43,12.0
2026-02-01,11,4,0.17,239,6,2,1,1,20,32,17,17,13.71,12.23
2026-02-02,11,4,0.21,117,0,2,0,0,0,15,32,12,15.86,12.97
2026-02-03,11,4,0.21,117,1,2,0,0,0,9,15,9,16.29,13.13
2026-02-04,11,4,0.21,131,2,2,0,0,0,7,9,15,16.29,12.9
2026-02-05,11,4,0.21,102,3,2,0,0,0,10,7,15,15.14,12.8
2026-02-06,11,4,0.21,96,4,2,0,0,0,19,10,11,14.43,12.57
2026-02-07,11,4,0.21,162,5,2,1,0,0,18,19,17,15.57,12.83
2026-02-08,11,4,0.21,172,6,2,1,0,0,16,18,32,15.71,13.1
2026-02-09,11,4,0.21,130,0,2,0,0,0,10,16,15,13.43,13.2
2026-02-10,11,4,0.19,180,1,2,0,1,10,24,10,9,12.71,12.97
2026-02-11,11,4,0.21,128,2,2,0,0,0,8,24,7,14.86,13.37
2026-02-12,11,4,0.21,125,3,2,0,0,0,10,8,10,15.0,13.13
2026-02-13,11,4,0.21,137,4,2,0,0,0,6,10,19,15.0,13.2
2026-02-14,11,4,0.21,175,5,2,1,0,0,16,6,18,13.14,13.07
2026-02-15,11,4,0.21,162,6,2,1,0,0,20,16,16,12.86,13.3
2026-02-16,11,4,0.21,146,0,2,0,0,0,15,20,10,13.43,13.83
2026-02-17,11,4,0.21,142,1,2,0,0,0,12,15,24,14.14,13.8
2026-02-18,11,4,0.21,112,2,2,0,0,0,20,12,8,12.43,13.77
2026-02-19,11,4,0.21,110,3,2,0,0,0,17,20,10,14.14,14.1
2026-02-20,11,4,0.21,100,4,2,0,0,0,8,17,6,15.14,14.17
2026-02-21,11,4,0.21,153,5,2,1,0,0,22,8,16,15.43,14.0
2026-02-22,11,4,0.21,181,6,2,1,0,0,24,22,20,16.29,14.47
2026-02-23,11,4,0.17,155,0,2,0,1,20,16,24,15,16.86,14.97
2026-02-24,11,4,0.21,120,1,2,0,0,0,10,16,12,17.0,15.0
2026-02-25,11,4,0.21,114,2,2,0,0,0,5,10,20,16.71,14.77
2026-02-26,11,4,0.21,106,3,2,0,0,0,11,5,17,14.57,14.53
2026-02-27,11,4,0.21,110,4,2,0,0,0,11,11,8,13.71,14.6
2026-02-28,11,4,0.21,177,5,2,1,0,0,19,11,22,14.14,14.47
2026-03-01,11,4,0.21,161,6,3,1,0,0,22,19,24,13.71,14.6
2026-03-02,11,4,0.21,113,0,3,0,0,0,10,22,16,13.43,14.97
2026-03-03,11,4,0.21,105,1,3,0,0,0,13,10,10,12.57,14.73
2026-03-04,11,4,0.21,117,2,3,0,0,0,8,13,5,13.0,14.1
2026-03-05,11,4,0.17,185,3,3,0,1,20,22,8,11,13.43,13.87
2026-03-06,11,4,0.21,127,4,3,0,0,0,19,22,11,15.0,14.3
2026-03-07,11,4,0.21,148,5,3,1,0,0,23,19,19,16.14,14.7
2026-03-08,11,4,0.21,166,6,3,1,0,0,21,23,22,16.71,15.13
2026-03-09,11,4,0.21,144,0,3,0,0,0,6,21,10,16.57,15.2
2026-03-10,11,4,0.21,125,1,3,0,0,0,10,6,13,16.0,14.8
2026-03-11,11,4,0.21,110,2,3,0,0,0,10,10,8,15.57,14.6
2026-03-12,11,4,0.21,135,3,3,0,0,0,12,10,22,15.86,14.6
2026-03-13,11,4,0.21,103,4,3,0,0,0,13,12,19,14.43,14.2
2026-03-14,11,4,0.21,168,5,3,1,0,0,17,13,23,13.57,14.37
2026-03-15,11,4,0.21,160,6,3,1,0,0,20,17,21,12.71,14.6
2026-03-16,11,4,0.21,133,0,3,0,0,0,13,20,6,12.57,15.07
2026-03-17,11,4,0.21,105,1,3,0,0,0,11,13,10,13.57,14.97
2026-03-18,11,4,0.21,142,2,3,0,0,0,10,11,10,13.71,14.67
2026-03-19,11,4,0.18,184,3,3,0,1,15,17,10,12,13.71,14.5
2026-03-20,11,4,0.21,132,4,3,0,0,0,8,17,13,14.43,14.67
2026-03-21,11,4,0.21,176,5,3,1,0,0,18,8,17,13.71,14.27
2026-03-22,11,4,0.21,178,6,3,1,0,0,11,18,20,13.86,14.3
2026-03-23,11,4,0.18,186,0,3,0,1,15,28,11,13,12.57,14.4
2026-03-24,11,4,0.21,106,1,3,0,0,0,19,28,11,14.71,14.6
2026-03-25,11,4,0.16,165,2,3,0,1,25,19,19,10,15.86,14.43
2026-03-26,11,4,0.21,127,3,3,0,0,0,6,19,17,17.14,14.53
2026-03-27,11,4,0.16,155,4,3,0,1,25,16,6,8,15.57,14.4
2026-03-28,11,4,0.21,154,5,3,1,0,0,29,16,18,16.71,14.77
2026-03-29,11,4,0.21,160,6,3,1,0,0,24,29,11,18.29,15.37
2026-03-30,11,4,0.18,192,0,3,0,1,15,17,24,28,20.14,15.8
2026-03-31,11,4,0.16,182,1,3,0,1,25,22,17,19,18.57,15.73
2026-04-01,11,4,0.21,129,2,4,0,0,0,12,22,19,19.0,15.73
2026-04-02,11,4,0.21,137,3,4,0,0,0,9,12,6,18.0,15.8
2026-04-03,11,4,0.21,107,4,4,0,0,0,9,9,16,18.43,15.67
2026-04-04,11,4,0.21,188,5,4,1,0,0,12,9,29,17.43,15.7
2026-04-05,11,4,0.21,170,6,4,1,0,0,26,12,24,15.0,15.37
2026-04-06,11,4,0.21,138,0,4,0,0,0,12,26,17,15.29,15.6
2026-04-07,11,4,0.17,156,1,4,0,1,20,27,12,22,14.57,15.23
2026-04-08,11,4,0.21,121,2,4,0,0,0,10,27,12,15.29,15.43
2026-04-09,11,4,0.21,120,3,4,0,0,0,6,10,9,15.0,15.57
2026-04-10,11,4,0.21,125,4,4,0,0,0,13,6,9,14.57,15.43
2026-04-11,11,4,0.21,142,5,4,1,0,0,12,13,12,15.14,15.53
2026-04-12,11,4,0.21,155,6,4,1,0,0,16,12,26,15.14,15.53
2026-04-13,11,4,0.21,117,0,4,0,0,0,15,16,12,13.71,15.63
2026-04-14,11,4,0.21,142,1,4,0,0,0,11,15,27,14.14,15.57
2026-04-15,11,4,0.21,109,2,4,0,0,0,11,11,10,11.86,15.27
2026-04-16,11,4,0.21,137,3,4,0,0,0,15,11,6,12.0,15.2
2026-04-17,11,4,0.21,114,4,4,0,0,0,11,15,13,13.29,15.33
2026-04-18,11,4,0.21,175,5,4,1,0,0,21,11,12,13.0,15.37
2026-04-19,11,4,0.21,185,6,4,1,0,0,15,21,16,14.29,15.5
2026-04-20,11,4,0.21,139,0,4,0,0,0,16,15,15,14.14,15.73
2026-04-21,11,4,0.21,130,1,4,0,0,0,7,16,11,14.29,15.67
2026-04-22,11,4,0.21,109,2,4,0,0,0,11,7,11,13.71,15.53
2026-04-23,11,4,0.21,125,3,4,0,0,0,9,11,15,13.71,14.97
2026-04-24,11,4,0.21,107,4,4,0,0,0,11,9,11,12.86,14.63
2026-04-25,11,4,0.21,182,5,4,1,0,0,17,11,21,12.86,14.37
2026-04-26,11,4,0.21,175,6,4,1,0,0,11,17,15,12.29,14.73
2026-04-27,11,4,0.21,140,0,4,0,0,0,13,11,16,11.71,14.57
2026-04-28,11,4,0.21,128,1,4,0,0,0,10,13,7,11.29,14.03
2026-04-29,11,4,0.21,126,2,4,0,0,0,13,10,11,11.71,13.57
2026-04-30,11,4,0.21,136,3,4,0,0,0,12,13,9,12.0,13.43
2026-05-01,11,4,0.21,109,4,5,0,0,0,13,12,11,12.43,13.1
2026-05-02,11,4,0.18,255,5,5,1,1,15,28,13,17,12.71,13.13
2026-05-03,11,4,0.21,176,6,5,1,0,0,19,28,11,14.29,13.77
2026-05-04,11,4,0.21,108,0,5,0,0,0,15,19,13,15.43,14.1
2026-05-05,11,4,0.16,157,1,5,0,1,25,19,15,10,15.71,14.2
2026-05-06,11,4,0.21,126,2,5,0,0,0,8,19,13,17.0,13.97
2026-05-07,11,4,0.21,134,3,5,0,0,0,14,8,12,16.29,13.83
2026-05-08,11,4,0.16,183,4,5,0,1,25,18,14,13,16.57,13.4
2026-05-09,11,4,0.21,140,5,5,1,0,0,20,18,28,17.29,13.67
2026-05-10,11,4,0.21,177,6,5,1,0,0,21,20,19,16.14,14.13
2026-05-11,11,4,0.21,116,0,5,0,0,0,10,21,15,16.43,14.4
2026-05-12,11,4,0.21,114,1,5,0,0,0,7,10,19,15.71,14.33
2026-05-13,11,4,0.21,110,2,5,0,0,0,14,7,8,14.0,14.03
2026-05-14,11,4,0.21,144,3,5,0,0,0,13,14,14,14.86,14.0
2026-05-15,11,4,0.21,109,4,5,0,0,0,12,13,18,14.71,14.07
2026-05-16,11,4,0.21,146,5,5,1,0,0,25,12,20,13.86,14.1
2026-05-17,11,4,0.21,190,6,5,1,0,0,19,25,21,14.57,14.43
2026-05-18,11,4,0.21,103,0,5,0,0,0,11,19,10,14.29,14.7
2026-05-19,11,4,0.21,127,1,5,0,0,0,11,11,7,14.43,14.37
2026-05-20,11,4,0.21,105,2,5,0,0,0,7,11,14,15.0,14.23
2026-05-21,11,4,0.18,153,3,5,0,1,15,14,7,13,14.0,13.93
2026-05-22,11,4,0.21,123,4,5,0,0,0,15,14,12,14.14,14.17
2026-05-23,11,4,0.21,162,5,5,1,0,0,19,15,25,14.57,14.3
2026-05-24,11,4,0.21,178,6,5,1,0,0,8,19,19,13.71,14.63
2026-05-25,11,4,0.21,109,0,5,0,0,0,11,8,11,12.14,14.53
2026-05-26,11,4,0.21,136,1,5,0,0,0,19,11,11,12.14,14.33
2026-05-27,11,4,0.21,141,2,5,0,0,0,16,19,7,13.29,14.6
2026-05-28,11,4,0.21,105,3,5,0,0,0,12,16,14,14.57,14.7
2026-05-29,11,4,0.21,124,4,5,0,0,0,17,12,15,14.29,14.77
2026-05-30,11,4,0.21,186,5,5,1,0,0,20,17,19,14.57,14.9
2026-05-31,11,4,0.18,242,6,5,1,1,15,38,20,8,14.71,15.17
2026-06-01,11,4,0.21,120,0,6,0,0,0,16,38,11,19.0,16.0
2026-06-02,11,4,0.21,98,1,6,0,0,0,9,16,19,19.71,15.6
2026-06-03,11,4,0.21,114,2,6,0,0,0,10,9,16,18.29,15.27
2026-06-04,11,4,0.21,102,3,6,0,0,0,9,10,12,17.43,15.1
2026-06-05,11,4,0.21,142,4,6,0,0,0,10,9,17,17.0,14.77
2026-06-06,11,4,0.21,160,5,6,1,0,0,23,10,20,16.0,14.83
2026-06-07,11,4,0.19,242,6,6,1,1,10,20,23,38,16.43,15.13
2026-06-08,11,4,0.21,111,0,6,0,0,0,9,20,16,13.86,15.2
2026-06-09,11,4,0.19,187,1,6,0,1,10,13,9,9,12.86,14.83
2026-06-10,11,4,0.21,145,2,6,0,0,0,7,13,10,13.43,14.57
2026-06-11,11,4,0.21,116,3,6,0,0,0,11,7,9,13.0,14.47
2026-06-12,11,4,0.21,120,4,6,0,0,0,7,11,10,13.29,14.6
2026-06-13,11,4,0.19,215,5,6,1,1,10,30,7,23,12.86,14.37
2026-06-14,11,4,0.21,163,6,6,1,0,0,14,30,20,13.86,14.93
2026-06-15,11,4,0.21,123,0,6,0,0,0,13,14,9,13.0,15.0
2026-06-16,11,4,0.21,126,1,6,0,0,0,10,13,13,13.57,14.6
2026-06-17,11,4,0.21,122,2,6,0,0,0,8,10,7,13.14,14.3
2026-06-18,11,4,0.21,131,3,6,0,0,0,17,8,11,13.29,14.2
2026-06-19,11,4,0.21,104,4,6,0,0,0,13,17,7,14.14,14.4
2026-06-20,11,4,0.21,177,5,6,1,0,0,13,13,30,15.0,14.6
2026-06-21,11,4,0.21,146,6,6,1,0,0,19,13,14,12.57,14.57
2026-06-22,11,4,0.21,141,0,6,0,0,0,7,19,13,13.29,14.7
2026-06-23,11,4,0.21,105,1,6,0,0,0,11,7,10,12.43,14.3
2026-06-24,11,4,0.21,124,2,6,0,0,0,13,11,8,12.57,14.4
2026-06-25,11,4,0.16,159,3,6,0,1,25,15,13,17,13.29,14.47
2026-06-26,11,4,0.16,167,4,6,0,1,25,16,15,13,13.0,14.33
2026-06-27,11,4,0.21,161,5,6,1,0,0,16,16,13,13.43,14.33
2026-06-28,11,4,0.21,167,6,6,1,0,0,20,16,19,13.86,14.47
2026-06-29,11,4,0.21,141,0,6,0,0,0,17,20,7,14.0,14.57
2026-06-30,11,4,0.21,132,1,6,0,0,0,14,17,11,15.43,14.47
2026-07-01,11,4,0.18,180,2,7,0,1,15,28,14,13,15.86,13.67
2026-07-02,11,4,0.21,122,3,7,0,0,0,12,28,15,18.0,14.07
2026-07-03,11,4,0.21,142,4,7,0,0,0,11,12,16,17.57,14.17
2026-07-04,11,4,0.21,198,5,7,1,0,0,15,11,16,16.86,14.2
2026-07-05,11,4,0.21,181,6,7,1,0,0,11,15,20,16.71,14.4
2026-07-06,11,4,0.21,143,0,7,0,0,0,20,11,17,15.43,14.43
2026-07-07,11,4,0.21,146,1,7,0,0,0,18,20,14,15.86,14.33
2026-07-08,11,4,0.18,199,2,7,0,1,15,20,18,28,16.43,14.27
2026-07-09,11,4,0.21,151,3,7,0,0,0,8,20,12,15.29,14.63
2026-07-10,11,4,0.21,152,4,7,0,0,0,10,8,11,14.71,14.47
2026-07-11,11,4,0.21,192,5,7,1,0,0,18,10,15,14.57,14.57
2026-07-12,11,4,0.21,198,6,7,1,0,0,24,18,11,15.0,14.8
2026-07-13,11,4,0.21,150,0,7,0,0,0,10,24,20,16.86,15.37
2026-07-14,11,4,0.19,182,1,7,0,1,10,13,10,18,15.43,14.7
2026-07-15,11,4,0.21,151,2,7,0,0,0,16,13,20,14.71,14.67
2026-07-16,11,4,0.21,129,3,7,0,0,0,12,16,8,14.14,14.77
2026-07-17,11,4,0.21,137,4,7,0,0,0,17,12,10,14.71,14.83
2026-07-18,11,4,0.21,197,5,7,1,0,0,19,17,18,15.71,15.13
2026-07-19,11,4,0.21,205,6,7,1,0,0,17,19,24,15.86,15.2
2026-07-20,11,4,0.21,150,0,7,0,0,0,13,17,10,14.86,15.33
2026-07-21,11,4,0.16,190,1,7,0,1,25,19,13,13,15.29,15.33
2026-07-22,11,4,0.21,115,2,7,0,0,0,11,19,16,16.14,15.33
2026-07-23,11,4,0.21,157,3,7,0,0,0,25,11,12,15.43,15.47
2026-07-24,11,4,0.21,125,4,7,0,0,0,19,25,17,17.29,15.93
2026-07-25,11,4,0.18,250,5,7,1,1,15,30,19,19,17.57,16.13
2026-07-26,11,4,0.19,283,6,7,1,1,10,24,30,17,19.14,16.63
2026-07-27,11,4,0.21,136,0,7,0,0,0,15,24,13,20.14,16.9
2026-07-28,11,4,0.21,150,1,7,0,0,0,26,15,19,20.43,16.87
2026-07-29,11,4,0.21,144,2,7,0,0,0,15,26,11,21.43,17.07
2026-07-30,11,4,0.21,148,3,7,0,0,0,16,15,25,22.0,17.0
2026-07-31,11,4,0.21,128,4,7,0,0,0,11,16,19,20.71,17.07
2026-08-01,11,4,0.21,169,5,8,1,0,0,12,11,30,19.57,16.5
2026-08-02,11,4,0.21,172,6,8,1,0,0,29,12,24,17.0,16.5
2026-08-03,11,4,0.21,153,0,8,0,0,0,11,29,15,17.71,17.1
2026-08-04,11,4,0.21,133,1,8,0,0,0,18,11,26,17.14,16.97
2026-08-05,11,4,0.21,121,2,8,0,0,0,16,18,15,16.0,17.2
2026-08-06,11,4,0.21,115,3,8,0,0,0,9,16,16,16.14,17.07
2026-08-07,11,4,0.17,197,4,8,0,1,20,21,9,11,15.14,16.77
2026-08-08,11,4,0.21,198,5,8,1,0,0,20,21,12,16.57,16.8
2026-08-09,11,4,0.21,174,6,8,1,0,0,21,20,29,17.71,17.2
2026-08-10,11,4,0.21,154,0,8,0,0,0,10,21,11,16.57,17.57
2026-08-11,11,4,0.21,119,1,8,0,0,0,14,10,18,16.43,17.3
2026-08-12,11,4,0.21,149,2,8,0,0,0,8,14,16,15.86,16.97
2026-08-13,11,4,0.21,153,3,8,0,0,0,12,8,9,14.71,16.9
2026-08-14,11,4,0.21,147,4,8,0,0,0,20,12,21,15.14,16.87
2026-08-15,11,4,0.21,174,5,8,1,0,0,20,20,20,15.0,17.0
2026-08-16,11,4,0.21,169,6,8,1,0,0,24,20,21,15.0,17.27
2026-08-17,11,4,0.21,114,0,8,0,0,0,11,24,10,15.43,17.5
2026-08-18,11,4,0.21,131,1,8,0,0,0,11,11,14,15.57,17.23
2026-08-19,11,4,0.21,135,2,8,0,0,0,14,11,8,15.14,17.03
2026-08-20,11,4,0.21,155,3,8,0,0,0,12,14,12,16.0,17.07
2026-08-21,11,4,0.21,146,4,8,0,0,0,10,12,20,16.0,16.83
2026-08-22,11,4,0.21,203,5,8,1,0,0,22,10,20,14.57,16.8
2026-08-23,11,4,0.21,197,6,8,1,0,0,13,22,24,14.86,16.7
2026-08-24,11,4,0.21,130,0,8,0,0,0,13,13,11,13.29,16.5
2026-08-25,11,4,0.21,145,1,8,0,0,0,16,13,11,13.57,15.93
2026-08-26,11,4,0.21,123,2,8,0,0,0,15,16,14,14.29,15.67
2026-08-27,11,4,0.21,126,3,8,0,0,0,16,15,12,14.43,15.67
2026-08-28,11,4,0.21,161,4,8,0,0,0,11,16,10,15.0,15.33
2026-08-29,11,4,0.21,170,5,8,1,0,0,25,11,22,15.14,15.2
2026-08-30,11,4,0.21,162,6,8,1,0,0,15,25,13,15.57,15.5
2026-08-31,11,4,0.21,129,0,8,0,0,0,5,15,13,15.86,15.63
2026-09-01,11,4,0.21,132,1,9,0,0,0,13,5,16,14.71,15.4
2026-09-02,11,4,0.21,103,2,9,0,0,0,15,13,15,14.29,14.87
2026-09-03,11,4,0.21,109,3,9,0,0,0,10,15,16,14.29,15.0
2026-09-04,11,4,0.18,190,4,9,0,1,15,24,10,11,13.43,14.73
2026-09-05,11,4,0.21,175,5,9,1,0,0,10,24,25,15.29,15.0
2026-09-06,11,4,0.21,170,6,9,1,0,0,18,10,15,13.14,15.03
2026-09-07,11,4,0.21,129,0,9,0,0,0,10,18,5,13.57,14.93
2026-09-08,11,4,0.21,104,1,9,0,0,0,14,10,13,14.29,14.6
2026-09-09,11,4,0.21,139,2,9,0,0,0,16,14,15,14.43,14.37
2026-09-10,11,4,0.21,108,3,9,0,0,0,11,16,10,14.57,14.57
2026-09-11,11,4,0.21,131,4,9,0,0,0,9,11,24,14.71,14.47
2026-09-12,11,4,0.21,173,5,9,1,0,0,24,9,10,12.57,14.5
2026-09-13,11,4,0.21,166,6,9,1,0,0,17,24,18,14.57,14.9
2026-09-14,11,4,0.21,103,0,9,0,0,0,10,17,10,14.43,14.8
2026-09-15,11,4,0.21,101,1,9,0,0,0,16,10,14,14.43,14.47
2026-09-16,11,4,0.21,105,2,9,0,0,0,9,16,16,14.71,14.2
2026-09-17,11,4,0.16,173,3,9,0,1,25,17,9,11,13.71,14.13
2026-09-18,11,4,0.21,119,4,9,0,0,0,16,17,9,14.57,14.33
2026-09-19,11,4,0.21,185,5,9,1,0,0,18,16,24,15.57,14.4
2026-09-20,11,4,0.21,172,6,9,1,0,0,21,18,17,14.71,14.6
2026-09-21,11,4,0.21,107,0,9,0,0,0,10,21,10,15.29,14.97
2026-09-22,11,4,0.21,130,1,9,0,0,0,11,10,16,15.29,14.57
2026-09-23,11,4,0.21,106,2,9,0,0,0,15,11,9,14.57,14.5
2026-09-24,11,4,0.21,129,3,9,0,0,0,17,15,17,15.43,14.57
2026-09-25,11,4,0.19,169,4,9,0,1,10,17,17,16,15.43,14.6
2026-09-26,11,4,0.18,218,5,9,1,1,15,32,17,18,15.57,14.67
